location_name,measure_name,cause_name,sex_name,model,rmse,mae,mape,mase,selected
Central Sub-Saharan Africa,DALYs (Disability-Adjusted Life Years),Diabetes mellitus,Both,ARIMA,9.272973557871733,5.398052406157603,0.39303888191840036,0.7066062863213814,TRUE
Central Sub-Saharan Africa,DALYs (Disability-Adjusted Life Years),Diabetes mellitus,Both,ETS,9.259479327007812,5.5459753834077095,0.4055029034759962,0.7259694376492695,FALSE
Central Sub-Saharan Africa,DALYs (Disability-Adjusted Life Years),Diabetes mellitus,Female,ARIMA,11.966323348801282,4.784401783321641,0.4609959051070467,0.8841615808516389,TRUE
Central Sub-Saharan Africa,DALYs (Disability-Adjusted Life Years),Diabetes mellitus,Female,ETS,12.088072643468537,5.290861642072902,0.513901063025079,0.9777558000730284,FALSE
Central Sub-Saharan Africa,DALYs (Disability-Adjusted Life Years),Diabetes mellitus,Male,ARIMA,13.249603780935255,7.544166858554131,0.42478809018272856,0.6909272753587393,FALSE
Central Sub-Saharan Africa,DALYs (Disability-Adjusted Life Years),Diabetes mellitus,Male,ETS,10.693887495082258,6.966398851683308,0.3927398433498685,0.6380127942422368,TRUE
Central Sub-Saharan Africa,DALYs (Disability-Adjusted Life Years),Diabetes mellitus type 1,Both,ARIMA,0.7107279766447029,0.492985668442683,1.1294032698963268,0.802324379512746,TRUE
Central Sub-Saharan Africa,DALYs (Disability-Adjusted Life Years),Diabetes mellitus type 1,Both,ETS,0.7896612567028428,0.49556156241106725,1.1246745480928482,0.806516595761959,FALSE
Central Sub-Saharan Africa,DALYs (Disability-Adjusted Life Years),Diabetes mellitus type 1,Female,ARIMA,0.48073665704592855,0.3276498347224105,1.2499339709806077,0.815902160100124,FALSE
Central Sub-Saharan Africa,DALYs (Disability-Adjusted Life Years),Diabetes mellitus type 1,Female,ETS,0.4911022217025366,0.30883813499009605,1.1698840145630713,0.7690579232954458,TRUE
Central Sub-Saharan Africa,DALYs (Disability-Adjusted Life Years),Diabetes mellitus type 1,Male,ARIMA,0.9661231426768242,0.7231216955917175,1.1734523056130861,0.8312820139057838,FALSE
Central Sub-Saharan Africa,DALYs (Disability-Adjusted Life Years),Diabetes mellitus type 1,Male,ETS,1.0427487417863852,0.6628462630567737,1.0739674419280834,0.7619909343376491,TRUE
Central Sub-Saharan Africa,DALYs (Disability-Adjusted Life Years),Diabetes mellitus type 2,Both,ARIMA,8.878618645117834,5.188678545266337,0.3901149710274734,0.6789317580289709,FALSE
Central Sub-Saharan Africa,DALYs (Disability-Adjusted Life Years),Diabetes mellitus type 2,Both,ETS,8.40035662825183,4.873955774025789,0.36688141991923584,0.6377506976672662,TRUE
Central Sub-Saharan Africa,DALYs (Disability-Adjusted Life Years),Diabetes mellitus type 2,Female,ARIMA,11.578306651838883,4.693041653995082,0.4632498618785932,0.8649030875351889,TRUE
Central Sub-Saharan Africa,DALYs (Disability-Adjusted Life Years),Diabetes mellitus type 2,Female,ETS,11.644538603413201,5.043964646819208,0.5002890458535042,0.929576363921368,FALSE
Central Sub-Saharan Africa,DALYs (Disability-Adjusted Life Years),Diabetes mellitus type 2,Male,ARIMA,13.505567514577459,7.477552629841284,0.43602594920786175,0.6625718908345526,FALSE
Central Sub-Saharan Africa,DALYs (Disability-Adjusted Life Years),Diabetes mellitus type 2,Male,ETS,10.6070790692149,6.643755666806759,0.3890761637618365,0.5886907083517728,TRUE
Central Sub-Saharan Africa,Deaths,Diabetes mellitus,Both,ARIMA,0.4178995058027467,0.23536422338832255,0.695375364497693,1.05258143008179,FALSE
Central Sub-Saharan Africa,Deaths,Diabetes mellitus,Both,ETS,0.4045504097260036,0.2121230096617471,0.6276258875824763,0.9486435009055536,TRUE
Central Sub-Saharan Africa,Deaths,Diabetes mellitus,Female,ARIMA,0.4853251062646519,0.1924477415130403,0.8110617117836592,1.2422518431614378,TRUE
Central Sub-Saharan Africa,Deaths,Diabetes mellitus,Female,ETS,0.48730085647727356,0.211537062712805,0.8913879839173331,1.3654735773250553,FALSE
Central Sub-Saharan Africa,Deaths,Diabetes mellitus,Male,ARIMA,0.4182989848105872,0.28882998866986304,0.6070176880461982,0.8058968504056262,FALSE
Central Sub-Saharan Africa,Deaths,Diabetes mellitus,Male,ETS,0.3931523829064183,0.2430332282778874,0.5056446936811979,0.6781141879174173,TRUE
Central Sub-Saharan Africa,Deaths,Diabetes mellitus type 1,Both,ARIMA,0.009972078499449132,0.006598197725539519,0.9619771603442353,0.7623743936526057,TRUE
Central Sub-Saharan Africa,Deaths,Diabetes mellitus type 1,Both,ETS,0.011597570586055964,0.007389794672170385,1.073201641318316,0.8538377397522582,FALSE
Central Sub-Saharan Africa,Deaths,Diabetes mellitus type 1,Female,ARIMA,0.008110214168925278,0.005406060426655522,1.2896773427809918,0.9044417341334271,FALSE
Central Sub-Saharan Africa,Deaths,Diabetes mellitus type 1,Female,ETS,0.008132102775758187,0.0049952470522481515,1.1779595491109027,0.8357120619821167,TRUE
Central Sub-Saharan Africa,Deaths,Diabetes mellitus type 1,Male,ARIMA,0.013461209375729389,0.009923928042467878,1.0348389599275098,0.8114093135123124,FALSE
Central Sub-Saharan Africa,Deaths,Diabetes mellitus type 1,Male,ETS,0.014754137169510923,0.00982994167096957,1.023680722125938,0.8037247135383296,TRUE
Central Sub-Saharan Africa,Deaths,Diabetes mellitus type 2,Both,ARIMA,0.40966906714291157,0.2322138886980546,0.7007698276533846,1.0456060919003463,FALSE
Central Sub-Saharan Africa,Deaths,Diabetes mellitus type 2,Both,ETS,0.39658508045722035,0.2077560749858341,0.6281901671968986,0.9354781441042771,TRUE
Central Sub-Saharan Africa,Deaths,Diabetes mellitus type 2,Female,ARIMA,0.47906143425703335,0.19166456900970952,0.8219931279083961,1.2449962042743363,TRUE
Central Sub-Saharan Africa,Deaths,Diabetes mellitus type 2,Female,ETS,0.4805514919950318,0.2088608213824004,0.8963567257700585,1.3566979603284723,FALSE
Central Sub-Saharan Africa,Deaths,Diabetes mellitus type 2,Male,ARIMA,0.4075983213118405,0.28283129294659953,0.6068606833713651,0.7805620249171255,FALSE
Central Sub-Saharan Africa,Deaths,Diabetes mellitus type 2,Male,ETS,0.38336411389801794,0.23707265734566288,0.5033670082250341,0.6542766592137778,TRUE
Central Sub-Saharan Africa,Incidence,Diabetes mellitus,Both,ARIMA,0.2400697831061575,0.19524002882976793,0.07127567259271993,0.15283440071187818,TRUE
Central Sub-Saharan Africa,Incidence,Diabetes mellitus,Both,ETS,0.28798917265266866,0.2189201617932542,0.08063139971837287,0.17137127018451886,FALSE
Central Sub-Saharan Africa,Incidence,Diabetes mellitus,Female,ARIMA,0.31776032496716045,0.24658134328738793,0.10410891112320113,0.20462798939257706,TRUE
Central Sub-Saharan Africa,Incidence,Diabetes mellitus,Female,ETS,0.35819974590135356,0.29896818594617597,0.12691093861901714,0.24810173376016798,FALSE
Central Sub-Saharan Africa,Incidence,Diabetes mellitus,Male,ARIMA,0.280018569300171,0.1784823506116625,0.05606201839799342,0.1252931727356635,TRUE
Central Sub-Saharan Africa,Incidence,Diabetes mellitus,Male,ETS,0.44274438365521773,0.31006623633200997,0.09797791314569723,0.21766400081076187,FALSE
Central Sub-Saharan Africa,Incidence,Diabetes mellitus type 1,Both,ARIMA,0.003487486758183595,0.002307800705371983,0.34350055913411187,0.39276874796832884,FALSE
Central Sub-Saharan Africa,Incidence,Diabetes mellitus type 1,Both,ETS,0.002830202746446326,0.0019258471301353743,0.2865814659298538,0.327763382826312,TRUE
Central Sub-Saharan Africa,Incidence,Diabetes mellitus type 1,Female,ARIMA,0.002810794472825538,0.001808108513935641,0.26941490327172807,0.30895862979201777,TRUE
Central Sub-Saharan Africa,Incidence,Diabetes mellitus type 1,Female,ETS,0.0034547900594842896,0.0024130277903794814,0.36018583995557657,0.41232357130100966,FALSE
Central Sub-Saharan Africa,Incidence,Diabetes mellitus type 1,Male,ARIMA,0.003391635361850851,0.0022100671405484587,0.32808452900351376,0.37451693831433835,FALSE
Central Sub-Saharan Africa,Incidence,Diabetes mellitus type 1,Male,ETS,0.0027919520236821165,0.0018589745526033973,0.27614624465033155,0.31502095346864223,TRUE
Central Sub-Saharan Africa,Incidence,Diabetes mellitus type 2,Both,ARIMA,0.2385496280868659,0.19198952838075312,0.07027195603525775,0.15092126145874812,TRUE
Central Sub-Saharan Africa,Incidence,Diabetes mellitus type 2,Both,ETS,0.2862513237425916,0.2170381949496142,0.08013670937672454,0.17061179556399816,FALSE
Central Sub-Saharan Africa,Incidence,Diabetes mellitus type 2,Female,ARIMA,0.31590851012246735,0.2452261407614817,0.10383452862516274,0.20447060398717481,TRUE
Central Sub-Saharan Africa,Incidence,Diabetes mellitus type 2,Female,ETS,0.3568806769482915,0.29764625107980247,0.1267066962325682,0.24817871595508517,FALSE
Central Sub-Saharan Africa,Incidence,Diabetes mellitus type 2,Male,ARIMA,0.2791279839034796,0.1778800434599481,0.055990708673694996,0.12534862909808098,TRUE
Central Sub-Saharan Africa,Incidence,Diabetes mellitus type 2,Male,ETS,0.4412228687135297,0.30699208635529296,0.09721654171920381,0.21633139063888382,FALSE
Central Sub-Saharan Africa,Prevalence,Diabetes mellitus,Both,ARIMA,7.584594101022251,4.858582726214512,0.08111199063784934,0.13534144884189425,TRUE
Central Sub-Saharan Africa,Prevalence,Diabetes mellitus,Both,ETS,8.225734230615789,5.94476463160529,0.10017712399555453,0.16559830378608786,FALSE
Central Sub-Saharan Africa,Prevalence,Diabetes mellitus,Female,ARIMA,13.282148887932436,8.875357405142639,0.16850930107800843,0.2638357289403251,FALSE
Central Sub-Saharan Africa,Prevalence,Diabetes mellitus,Female,ETS,13.037581696720123,8.431716493272784,0.15977195821009538,0.25064771655638296,TRUE
Central Sub-Saharan Africa,Prevalence,Diabetes mellitus,Male,ARIMA,6.246009035667349,3.7124940890670537,0.05504922182370341,0.09031757994946768,TRUE
Central Sub-Saharan Africa,Prevalence,Diabetes mellitus,Male,ETS,5.916714658308459,4.036899554136174,0.06115097041283182,0.09820971817905003,FALSE
Central Sub-Saharan Africa,Prevalence,Diabetes mellitus type 1,Both,ARIMA,0.008544435827848123,0.007668441876071472,0.04634994036220189,0.09162816210638304,TRUE
Central Sub-Saharan Africa,Prevalence,Diabetes mellitus type 1,Both,ETS,0.009349016323751423,0.007807162931391375,0.04729894319691228,0.09328570291452076,FALSE
Central Sub-Saharan Africa,Prevalence,Diabetes mellitus type 1,Female,ARIMA,0.008465459986826287,0.00760095025538096,0.045884331582417,0.09122254572293674,TRUE
Central Sub-Saharan Africa,Prevalence,Diabetes mellitus type 1,Female,ETS,0.00927190301663486,0.007792934210120781,0.04714061821681294,0.09352663461983819,FALSE
Central Sub-Saharan Africa,Prevalence,Diabetes mellitus type 1,Male,ARIMA,0.008602209162751936,0.007689780046785631,0.04655673378090349,0.091448693555264,TRUE
Central Sub-Saharan Africa,Prevalence,Diabetes mellitus type 1,Male,ETS,0.009680232920445689,0.008213854128557779,0.04980041862546261,0.09768110720203284,FALSE
Central Sub-Saharan Africa,Prevalence,Diabetes mellitus type 2,Both,ARIMA,7.534829137781252,4.804608721357239,0.08039321805903207,0.13415068679404138,TRUE
Central Sub-Saharan Africa,Prevalence,Diabetes mellitus type 2,Both,ETS,8.216454770353028,5.9361057261489085,0.10031082800809794,0.16574349884207934,FALSE
Central Sub-Saharan Africa,Prevalence,Diabetes mellitus type 2,Female,ARIMA,13.286461714656983,8.87554283583392,0.16905550067120473,0.2644963798013011,FALSE
Central Sub-Saharan Africa,Prevalence,Diabetes mellitus type 2,Female,ETS,13.044046760623814,8.467474186895263,0.16097228555138973,0.25233569483238655,TRUE
Central Sub-Saharan Africa,Prevalence,Diabetes mellitus type 2,Male,ARIMA,6.2381842659591555,3.706810950187039,0.05510241397128872,0.09036417893199566,TRUE
Central Sub-Saharan Africa,Prevalence,Diabetes mellitus type 2,Male,ETS,5.894399244880255,4.0373208561829275,0.06130823649435531,0.09842130854706345,FALSE
Central Sub-Saharan Africa,YLDs (Years Lived with Disability),Diabetes mellitus,Both,ARIMA,1.0969605415955277,0.8166666601170535,0.15135024994210058,0.255030401787952,TRUE
Central Sub-Saharan Africa,YLDs (Years Lived with Disability),Diabetes mellitus,Both,ETS,1.0712270497595675,0.8314543376229632,0.15405057409592876,0.2596483291749991,FALSE
Central Sub-Saharan Africa,YLDs (Years Lived with Disability),Diabetes mellitus,Female,ARIMA,1.2706532595444757,0.9342538445750931,0.19665650772379678,0.31103095644077683,TRUE
Central Sub-Saharan Africa,YLDs (Years Lived with Disability),Diabetes mellitus,Female,ETS,1.359564173818723,1.0040130874393274,0.21144669358439439,0.3342551413393847,FALSE
Central Sub-Saharan Africa,YLDs (Years Lived with Disability),Diabetes mellitus,Male,ARIMA,1.006078951751864,0.7625596671175752,0.1243647235258602,0.20435858148226005,FALSE
Central Sub-Saharan Africa,YLDs (Years Lived with Disability),Diabetes mellitus,Male,ETS,0.9287919976895879,0.6793458990370207,0.11063010514291627,0.1820581001717085,TRUE
Central Sub-Saharan Africa,YLDs (Years Lived with Disability),Diabetes mellitus type 1,Both,ARIMA,0.006828333583777053,0.005673692828715011,0.4316713959479323,0.9125092945891579,FALSE
Central Sub-Saharan Africa,YLDs (Years Lived with Disability),Diabetes mellitus type 1,Both,ETS,0.006692168318952654,0.0052687213618655086,0.40269596407089087,0.8473770714146315,TRUE
Central Sub-Saharan Africa,YLDs (Years Lived with Disability),Diabetes mellitus type 1,Female,ARIMA,0.00778630040722457,0.006133818811184635,0.466503456796626,0.8209664700180327,TRUE
Central Sub-Saharan Africa,YLDs (Years Lived with Disability),Diabetes mellitus type 1,Female,ETS,0.008322501995661173,0.006819429825622418,0.5208019143240703,0.9127304545201707,FALSE
Central Sub-Saharan Africa,YLDs (Years Lived with Disability),Diabetes mellitus type 1,Male,ARIMA,0.008921587404606076,0.0069104057542661,0.5205236678497653,0.905614536492216,FALSE
Central Sub-Saharan Africa,YLDs (Years Lived with Disability),Diabetes mellitus type 1,Male,ETS,0.009025801266779966,0.0068011352721439175,0.5148349920629537,0.8912945471112349,TRUE
Central Sub-Saharan Africa,YLDs (Years Lived with Disability),Diabetes mellitus type 2,Both,ARIMA,1.0970581382943856,0.8173708421274665,0.15186270656382106,0.25571085544105865,TRUE
Central Sub-Saharan Africa,YLDs (Years Lived with Disability),Diabetes mellitus type 2,Both,ETS,1.0734808682604173,0.8318133700872211,0.15448879886283734,0.260229136481899,FALSE
Central Sub-Saharan Africa,YLDs (Years Lived with Disability),Diabetes mellitus type 2,Female,ARIMA,1.2742440820731935,0.9344826090218463,0.19725447267830923,0.311726442939848,TRUE
Central Sub-Saharan Africa,YLDs (Years Lived with Disability),Diabetes mellitus type 2,Female,ETS,1.3724003792143935,1.0169850673143546,0.21470609463436047,0.339247766085965,FALSE
Central Sub-Saharan Africa,YLDs (Years Lived with Disability),Diabetes mellitus type 2,Male,ARIMA,1.0029431481102877,0.7578649422295269,0.12386171048615678,0.20340439077002673,FALSE
Central Sub-Saharan Africa,YLDs (Years Lived with Disability),Diabetes mellitus type 2,Male,ETS,0.9301712208363224,0.6779301533057855,0.11063678254884204,0.18195058530103056,TRUE
Central Sub-Saharan Africa,YLLs (Years of Life Lost),Diabetes mellitus,Both,ARIMA,16.457121040780407,9.3705327166291,1.148468867276501,1.5943869269046238,FALSE
Central Sub-Saharan Africa,YLLs (Years of Life Lost),Diabetes mellitus,Both,ETS,9.940487614386946,6.4870934532447055,0.7937560252006993,1.1037725717671512,TRUE
Central Sub-Saharan Africa,YLLs (Years of Life Lost),Diabetes mellitus,Female,ARIMA,12.166772320468267,5.233247231224343,0.9483050603212809,1.2667884382901111,FALSE
Central Sub-Saharan Africa,YLLs (Years of Life Lost),Diabetes mellitus,Female,ETS,12.185216065535851,5.15781824705543,0.9369641185535617,1.248529685963825,TRUE
Central Sub-Saharan Africa,YLLs (Years of Life Lost),Diabetes mellitus,Male,ARIMA,13.263950238460547,8.562231620610149,0.7511652710162834,1.0179714897082666,FALSE
Central Sub-Saharan Africa,YLLs (Years of Life Lost),Diabetes mellitus,Male,ETS,11.584957649460929,8.197891332016919,0.7217478765176443,0.9746547420688749,TRUE
Central Sub-Saharan Africa,YLLs (Years of Life Lost),Diabetes mellitus type 1,Both,ARIMA,0.6989101900506949,0.4798905196361372,1.1340387106134737,0.7741930740902174,FALSE
Central Sub-Saharan Africa,YLLs (Years of Life Lost),Diabetes mellitus type 1,Both,ETS,0.7513627050367254,0.4490504422009639,1.0518902452559664,0.7244396962305745,TRUE
Central Sub-Saharan Africa,YLLs (Years of Life Lost),Diabetes mellitus type 1,Female,ARIMA,0.4723051252254458,0.3214550831651476,1.2949739140600953,0.7921340379166553,FALSE
Central Sub-Saharan Africa,YLLs (Years of Life Lost),Diabetes mellitus type 1,Female,ETS,0.4879664169637122,0.3062913265544793,1.2225819874989725,0.754767300281889,TRUE
Central Sub-Saharan Africa,YLLs (Years of Life Lost),Diabetes mellitus type 1,Male,ARIMA,0.9616077145014014,0.7222505463705124,1.1985879998719216,0.8273254574663899,FALSE
Central Sub-Saharan Africa,YLLs (Years of Life Lost),Diabetes mellitus type 1,Male,ETS,1.0308502763466891,0.6310910114345412,1.0510641725934982,0.7229037933744443,TRUE
Central Sub-Saharan Africa,YLLs (Years of Life Lost),Diabetes mellitus type 2,Both,ARIMA,9.602930352390656,5.817331549502018,0.7473346000092381,1.000629161732071,FALSE
Central Sub-Saharan Africa,YLLs (Years of Life Lost),Diabetes mellitus type 2,Both,ETS,9.03532744238479,5.735076028405496,0.7402499590669702,0.9864805314842914,TRUE
Central Sub-Saharan Africa,YLLs (Years of Life Lost),Diabetes mellitus type 2,Female,ARIMA,11.804797003190384,5.071796403592037,0.9647639335406669,1.2770466078573364,FALSE
Central Sub-Saharan Africa,YLLs (Years of Life Lost),Diabetes mellitus type 2,Female,ETS,11.736694824005175,5.010810523077933,0.9542454521636157,1.261690744640396,TRUE
Central Sub-Saharan Africa,YLLs (Years of Life Lost),Diabetes mellitus type 2,Male,ARIMA,13.056957044686918,7.77987520646163,0.7171737474371813,0.9210079517224493,FALSE
Central Sub-Saharan Africa,YLLs (Years of Life Lost),Diabetes mellitus type 2,Male,ETS,11.102937183840494,7.4107914086852675,0.6883248470905605,0.8773145628719933,TRUE
Eastern Sub-Saharan Africa,DALYs (Disability-Adjusted Life Years),Diabetes mellitus,Both,ARIMA,5.401966057801962,3.4004370318683943,0.2907947966948111,1.3305058294656498,TRUE
Eastern Sub-Saharan Africa,DALYs (Disability-Adjusted Life Years),Diabetes mellitus,Both,ETS,7.470840856268777,4.411295182495486,0.378995549150775,1.726029301762744,FALSE
Eastern Sub-Saharan Africa,DALYs (Disability-Adjusted Life Years),Diabetes mellitus,Female,ARIMA,6.943887920589579,4.306267091801816,0.4470249993077401,2.039544878170892,FALSE
Eastern Sub-Saharan Africa,DALYs (Disability-Adjusted Life Years),Diabetes mellitus,Female,ETS,6.1730600150086925,4.032105546873241,0.4185569998982284,1.9096958087030413,TRUE
Eastern Sub-Saharan Africa,DALYs (Disability-Adjusted Life Years),Diabetes mellitus,Male,ARIMA,9.477617130476897,6.264784634191301,0.4543577777556989,1.3411114714231762,FALSE
Eastern Sub-Saharan Africa,DALYs (Disability-Adjusted Life Years),Diabetes mellitus,Male,ETS,9.724378029468244,6.119515378513287,0.4446676848753197,1.310013472591483,TRUE
Eastern Sub-Saharan Africa,DALYs (Disability-Adjusted Life Years),Diabetes mellitus type 1,Both,ARIMA,0.5474449197507485,0.34411382242641586,0.7834105020673171,0.2880747925675159,TRUE
Eastern Sub-Saharan Africa,DALYs (Disability-Adjusted Life Years),Diabetes mellitus type 1,Both,ETS,0.5370247996506433,0.3632147276972299,0.8225867785555695,0.30406511020411175,FALSE
Eastern Sub-Saharan Africa,DALYs (Disability-Adjusted Life Years),Diabetes mellitus type 1,Female,ARIMA,0.4694337856305077,0.26812481871389915,0.8689379432359272,0.2767824690395913,FALSE
Eastern Sub-Saharan Africa,DALYs (Disability-Adjusted Life Years),Diabetes mellitus type 1,Female,ETS,0.43112081443825495,0.2583702379428964,0.8323358859783864,0.2667129164961351,TRUE
Eastern Sub-Saharan Africa,DALYs (Disability-Adjusted Life Years),Diabetes mellitus type 1,Male,ARIMA,0.6394023064248869,0.44914583949692144,0.7813898021625201,0.31502175950753386,TRUE
Eastern Sub-Saharan Africa,DALYs (Disability-Adjusted Life Years),Diabetes mellitus type 1,Male,ETS,0.6615612095669273,0.4592013217483765,0.798291250119079,0.32207447030431696,FALSE
Eastern Sub-Saharan Africa,DALYs (Disability-Adjusted Life Years),Diabetes mellitus type 2,Both,ARIMA,6.741236337938118,4.233252060900154,0.37752149459010015,1.455780837133131,TRUE
Eastern Sub-Saharan Africa,DALYs (Disability-Adjusted Life Years),Diabetes mellitus type 2,Both,ETS,7.373793123058448,4.368916505376092,0.3897007771299117,1.5024347324616283,FALSE
Eastern Sub-Saharan Africa,DALYs (Disability-Adjusted Life Years),Diabetes mellitus type 2,Female,ARIMA,6.983943495584391,4.237965585528568,0.45484126542831466,2.2122000541378743,TRUE
Eastern Sub-Saharan Africa,DALYs (Disability-Adjusted Life Years),Diabetes mellitus type 2,Female,ETS,7.089544728951389,4.311901572484705,0.46296635074054976,2.2507943256217247,FALSE
Eastern Sub-Saharan Africa,DALYs (Disability-Adjusted Life Years),Diabetes mellitus type 2,Male,ARIMA,9.544445878036296,6.32751438193267,0.47866570595374164,1.149826321737071,TRUE
Eastern Sub-Saharan Africa,DALYs (Disability-Adjusted Life Years),Diabetes mellitus type 2,Male,ETS,10.342065474364832,6.6742698493022585,0.505761894081599,1.212838199628056,FALSE
Eastern Sub-Saharan Africa,Deaths,Diabetes mellitus,Both,ARIMA,0.30190588931288354,0.19385170235160917,0.5136734249527555,1.4603074623257,TRUE
Eastern Sub-Saharan Africa,Deaths,Diabetes mellitus,Both,ETS,0.33042817944013925,0.2132277547162876,0.5644879159051582,1.6062695225774684,FALSE
Eastern Sub-Saharan Africa,Deaths,Diabetes mellitus,Female,ARIMA,0.23485119487723136,0.1404985081656957,0.4604655253518744,1.760672143013929,TRUE
Eastern Sub-Saharan Africa,Deaths,Diabetes mellitus,Female,ETS,0.2564014491511026,0.1534448799090018,0.5052659598595202,1.922910990807668,FALSE
Eastern Sub-Saharan Africa,Deaths,Diabetes mellitus,Male,ARIMA,0.4201351191919269,0.2872173571975526,0.6241023937045863,1.14008176369746,TRUE
Eastern Sub-Saharan Africa,Deaths,Diabetes mellitus,Male,ETS,0.42709189663647645,0.3079403571040594,0.6693218578864256,1.2223397251000585,FALSE
Eastern Sub-Saharan Africa,Deaths,Diabetes mellitus type 1,Both,ARIMA,0.006888329879695458,0.004243281162108819,0.6329064639192582,0.24856066039391833,TRUE
Eastern Sub-Saharan Africa,Deaths,Diabetes mellitus type 1,Both,ETS,0.007048672374777408,0.0045654494922537925,0.6788915826273506,0.26743246498087697,FALSE
Eastern Sub-Saharan Africa,Deaths,Diabetes mellitus type 1,Female,ARIMA,0.00658128687252515,0.0037095291339861274,0.7837576680807413,0.2535480816428061,FALSE
Eastern Sub-Saharan Africa,Deaths,Diabetes mellitus type 1,Female,ETS,0.00599952767659433,0.0035302181528405626,0.7358944826174896,0.2412920907488639,TRUE
Eastern Sub-Saharan Africa,Deaths,Diabetes mellitus type 1,Male,ARIMA,0.007858990687980754,0.005407735941589865,0.6147236428199019,0.27586517795153837,TRUE
Eastern Sub-Saharan Africa,Deaths,Diabetes mellitus type 1,Male,ETS,0.00812537828792052,0.005559620640670236,0.6324921440527638,0.28361328177770334,FALSE
Eastern Sub-Saharan Africa,Deaths,Diabetes mellitus type 2,Both,ARIMA,0.30190844533969496,0.19334427667487683,0.5216724410108,1.3975662302343117,TRUE
Eastern Sub-Saharan Africa,Deaths,Diabetes mellitus type 2,Both,ETS,0.3378786810314237,0.216213294617683,0.5826438056740064,1.5628722209010706,FALSE
Eastern Sub-Saharan Africa,Deaths,Diabetes mellitus type 2,Female,ARIMA,0.2361760111793269,0.13844850913918635,0.46174445667830877,1.8012342680144218,TRUE
Eastern Sub-Saharan Africa,Deaths,Diabetes mellitus type 2,Female,ETS,0.25708759445241175,0.1525508424937905,0.5101845616965642,1.984707577010034,FALSE
Eastern Sub-Saharan Africa,Deaths,Diabetes mellitus type 2,Male,ARIMA,0.41627938773048245,0.28809081951641136,0.6378685271671373,1.0865348787018732,TRUE
Eastern Sub-Saharan Africa,Deaths,Diabetes mellitus type 2,Male,ETS,0.4254260993110611,0.30644206108312977,0.6789291322874081,1.1557466087500334,FALSE
Eastern Sub-Saharan Africa,Incidence,Diabetes mellitus,Both,ARIMA,0.12748426980339914,0.09637034760453837,0.055888259304850994,0.1944603155526267,TRUE
Eastern Sub-Saharan Africa,Incidence,Diabetes mellitus,Both,ETS,0.17014039164712616,0.12502112374667118,0.0725097885708282,0.25227310867743263,FALSE
Eastern Sub-Saharan Africa,Incidence,Diabetes mellitus,Female,ARIMA,0.09135425402980585,0.07522447202580458,0.04962060710632948,0.15589877460620086,TRUE
Eastern Sub-Saharan Africa,Incidence,Diabetes mellitus,Female,ETS,0.12400370111239005,0.09872420387293646,0.06485335817979526,0.20460073687833802,FALSE
Eastern Sub-Saharan Africa,Incidence,Diabetes mellitus,Male,ARIMA,0.20542405299471536,0.14570317955928513,0.07526188363987457,0.25131993032394756,TRUE
Eastern Sub-Saharan Africa,Incidence,Diabetes mellitus,Male,ETS,0.22999152462814773,0.1590758146104986,0.08215227738128603,0.27438606875335,FALSE
Eastern Sub-Saharan Africa,Incidence,Diabetes mellitus type 1,Both,ARIMA,0.002789064652026328,0.0019897110698035014,0.1565215423935977,0.12883292977657146,TRUE
Eastern Sub-Saharan Africa,Incidence,Diabetes mellitus type 1,Both,ETS,0.0030308377171247435,0.0024475577655204313,0.1944259074391949,0.15847830497346363,FALSE
Eastern Sub-Saharan Africa,Incidence,Diabetes mellitus type 1,Female,ARIMA,0.0030007598534993957,0.002242727884929834,0.1729410525367439,0.142793891837099,TRUE
Eastern Sub-Saharan Africa,Incidence,Diabetes mellitus type 1,Female,ETS,0.0031450221636599063,0.002528518344579894,0.19787013237702586,0.1609900948885549,FALSE
Eastern Sub-Saharan Africa,Incidence,Diabetes mellitus type 1,Male,ARIMA,0.002786312549321397,0.001995396762006423,0.15957218492893907,0.13122122281674672,TRUE
Eastern Sub-Saharan Africa,Incidence,Diabetes mellitus type 1,Male,ETS,0.002904722774350261,0.002280300111690728,0.18351257351173464,0.1499570284680347,FALSE
Eastern Sub-Saharan Africa,Incidence,Diabetes mellitus type 2,Both,ARIMA,0.13093295230765112,0.09914486324057306,0.057972559029124036,0.20637972395406498,TRUE
Eastern Sub-Saharan Africa,Incidence,Diabetes mellitus type 2,Both,ETS,0.1700572997160954,0.12309305359336593,0.07190285602834895,0.25623022303858245,FALSE
Eastern Sub-Saharan Africa,Incidence,Diabetes mellitus type 2,Female,ARIMA,0.0941252817424616,0.07887784324184036,0.05249879668014336,0.1689701677120606,TRUE
Eastern Sub-Saharan Africa,Incidence,Diabetes mellitus type 2,Female,ETS,0.1281252376243833,0.1010225068516251,0.06694423274169196,0.2164079191804943,FALSE
Eastern Sub-Saharan Africa,Incidence,Diabetes mellitus type 2,Male,ARIMA,0.2068210878252451,0.14685131301103196,0.07638707326427865,0.26000027472804366,TRUE
Eastern Sub-Saharan Africa,Incidence,Diabetes mellitus type 2,Male,ETS,0.22681542334590438,0.15594518288505665,0.08108503826095702,0.2761009728907484,FALSE
Eastern Sub-Saharan Africa,Prevalence,Diabetes mellitus,Both,ARIMA,1.9791722972536567,1.5778552267019652,0.05211783822897641,0.12312070851881048,TRUE
Eastern Sub-Saharan Africa,Prevalence,Diabetes mellitus,Both,ETS,3.1602171641194707,2.4511993392019287,0.08033057675717264,0.19126811779442554,FALSE
Eastern Sub-Saharan Africa,Prevalence,Diabetes mellitus,Female,ARIMA,2.554851683270023,1.9438805699144868,0.0678870944262671,0.14660748300412105,TRUE
Eastern Sub-Saharan Africa,Prevalence,Diabetes mellitus,Female,ETS,3.421634837461907,2.680862662043901,0.09319417172410706,0.20219067634349258,FALSE
Eastern Sub-Saharan Africa,Prevalence,Diabetes mellitus,Male,ARIMA,2.8033033578329727,2.067541854307963,0.06332461657356268,0.16157501906110466,TRUE
Eastern Sub-Saharan Africa,Prevalence,Diabetes mellitus,Male,ETS,4.641680745301914,3.367829959387803,0.10307324146855648,0.26319041075218336,FALSE
Eastern Sub-Saharan Africa,Prevalence,Diabetes mellitus type 1,Both,ARIMA,0.01896802146521022,0.016514622358136267,0.05853971569652011,0.10059618146658048,TRUE
Eastern Sub-Saharan Africa,Prevalence,Diabetes mellitus type 1,Both,ETS,0.021184488393078727,0.017585442842874357,0.06295313167812071,0.10711891322906453,FALSE
Eastern Sub-Saharan Africa,Prevalence,Diabetes mellitus type 1,Female,ARIMA,0.017110369113802232,0.014351915242958873,0.05010410460790182,0.0855014004570602,TRUE
Eastern Sub-Saharan Africa,Prevalence,Diabetes mellitus type 1,Female,ETS,0.022628662032811782,0.01826151096356872,0.06428446057390345,0.10879278029551548,FALSE
Eastern Sub-Saharan Africa,Prevalence,Diabetes mellitus type 1,Male,ARIMA,0.019330119022761116,0.015752221136585007,0.0571995393380259,0.09816618395240374,TRUE
Eastern Sub-Saharan Africa,Prevalence,Diabetes mellitus type 1,Male,ETS,0.021915777931094848,0.01800248110293885,0.06538446366628994,0.11218956718721469,FALSE
Eastern Sub-Saharan Africa,Prevalence,Diabetes mellitus type 2,Both,ARIMA,1.9919237161781196,1.6217322238252994,0.054066786325335695,0.1281865259666408,TRUE
Eastern Sub-Saharan Africa,Prevalence,Diabetes mellitus type 2,Both,ETS,3.312516469592953,2.6110994469564552,0.08649785457445242,0.20638904631818017,FALSE
Eastern Sub-Saharan Africa,Prevalence,Diabetes mellitus type 2,Female,ARIMA,2.5544137689232485,1.9346991107547278,0.0682528931669718,0.14778594203651962,TRUE
Eastern Sub-Saharan Africa,Prevalence,Diabetes mellitus type 2,Female,ETS,3.4158191504812105,2.676712616621564,0.09399834732303727,0.20446615879930752,FALSE
Eastern Sub-Saharan Africa,Prevalence,Diabetes mellitus type 2,Male,ARIMA,2.7325231504913208,2.0002182314208907,0.06180269698244222,0.15829886600214932,TRUE
Eastern Sub-Saharan Africa,Prevalence,Diabetes mellitus type 2,Male,ETS,4.548988632163461,3.2399737805531004,0.09995481144808155,0.25641410886146954,FALSE
Eastern Sub-Saharan Africa,YLDs (Years Lived with Disability),Diabetes mellitus,Both,ARIMA,0.38713440399307597,0.2926598858738017,0.09814750933427302,0.22955583448459096,TRUE
Eastern Sub-Saharan Africa,YLDs (Years Lived with Disability),Diabetes mellitus,Both,ETS,0.48669633172468524,0.3484109909994836,0.11639662795332319,0.27328574786972326,FALSE
Eastern Sub-Saharan Africa,YLDs (Years Lived with Disability),Diabetes mellitus,Female,ARIMA,0.5102298042323881,0.3778240927364413,0.13527302626529833,0.2882712447888468,FALSE
Eastern Sub-Saharan Africa,YLDs (Years Lived with Disability),Diabetes mellitus,Female,ETS,0.5133938543714428,0.3588617196696071,0.1286976804992106,0.2738033826455506,TRUE
Eastern Sub-Saharan Africa,YLDs (Years Lived with Disability),Diabetes mellitus,Male,ARIMA,0.3880729741827463,0.26116138427395474,0.08143495291430178,0.20208800465027518,TRUE
Eastern Sub-Saharan Africa,YLDs (Years Lived with Disability),Diabetes mellitus,Male,ETS,0.5596461278368866,0.3841575211430561,0.11872964357672076,0.2972630396144611,FALSE
Eastern Sub-Saharan Africa,YLDs (Years Lived with Disability),Diabetes mellitus type 1,Both,ARIMA,0.00526913803360489,0.003558251952865609,0.15118303367368058,0.31823656708471276,FALSE
Eastern Sub-Saharan Africa,YLDs (Years Lived with Disability),Diabetes mellitus type 1,Both,ETS,0.004798179161736645,0.003418019991624207,0.14606994852547403,0.3056947520215382,TRUE
Eastern Sub-Saharan Africa,YLDs (Years Lived with Disability),Diabetes mellitus type 1,Female,ARIMA,0.006289609850005244,0.005052604033029779,0.21280949059397808,0.43845451445412587,TRUE
Eastern Sub-Saharan Africa,YLDs (Years Lived with Disability),Diabetes mellitus type 1,Female,ETS,0.0065588197006911965,0.005403919846054238,0.22853168938898236,0.46894097316190003,FALSE
Eastern Sub-Saharan Africa,YLDs (Years Lived with Disability),Diabetes mellitus type 1,Male,ARIMA,0.00523467688162437,0.004071670351102738,0.1784089000028025,0.37096454906445514,FALSE
Eastern Sub-Saharan Africa,YLDs (Years Lived with Disability),Diabetes mellitus type 1,Male,ETS,0.00522615335137419,0.004029014910065967,0.17590904082246975,0.36707826773888913,TRUE
Eastern Sub-Saharan Africa,YLDs (Years Lived with Disability),Diabetes mellitus type 2,Both,ARIMA,0.38871798147127523,0.2971131842656525,0.10039334876869234,0.23506398713447654,TRUE
Eastern Sub-Saharan Africa,YLDs (Years Lived with Disability),Diabetes mellitus type 2,Both,ETS,0.4808120530192627,0.3416714709443699,0.11509210646311174,0.27031670926617224,FALSE
Eastern Sub-Saharan Africa,YLDs (Years Lived with Disability),Diabetes mellitus type 2,Female,ARIMA,0.509138704672981,0.3791989061281452,0.13695906735704078,0.29180421227678555,FALSE
Eastern Sub-Saharan Africa,YLDs (Years Lived with Disability),Diabetes mellitus type 2,Female,ETS,0.5251286814086235,0.3719478430581615,0.13463749073026407,0.2862243155178248,TRUE
Eastern Sub-Saharan Africa,YLDs (Years Lived with Disability),Diabetes mellitus type 2,Male,ARIMA,0.3919000117362271,0.26445053984519673,0.08304068441639559,0.20631448320171616,TRUE
Eastern Sub-Saharan Africa,YLDs (Years Lived with Disability),Diabetes mellitus type 2,Male,ETS,0.5581797106278373,0.3845371146469401,0.11971706350043208,0.3000015659892536,FALSE
Eastern Sub-Saharan Africa,YLLs (Years of Life Lost),Diabetes mellitus,Both,ARIMA,6.486826918701263,4.205508061828937,0.4859352910709559,1.670866830665821,TRUE
Eastern Sub-Saharan Africa,YLLs (Years of Life Lost),Diabetes mellitus,Both,ETS,6.705385755467362,4.304937262476109,0.4975020111923287,1.7103704889440854,FALSE
Eastern Sub-Saharan Africa,YLLs (Years of Life Lost),Diabetes mellitus,Female,ARIMA,6.82202271860711,3.9191014149671086,0.5766125711930408,1.415094725424225,TRUE
Eastern Sub-Saharan Africa,YLLs (Years of Life Lost),Diabetes mellitus,Female,ETS,7.268812859618934,4.203811961152706,0.6187530240941753,1.5178969623454837,FALSE
Eastern Sub-Saharan Africa,YLLs (Years of Life Lost),Diabetes mellitus,Male,ARIMA,8.286540230377929,5.529820600553147,0.5235800447627224,1.2602386489189272,TRUE
Eastern Sub-Saharan Africa,YLLs (Years of Life Lost),Diabetes mellitus,Male,ETS,9.252926486853664,5.808848695957982,0.5523277926342258,1.323828775138978,FALSE
Eastern Sub-Saharan Africa,YLLs (Years of Life Lost),Diabetes mellitus type 1,Both,ARIMA,0.5468219618758181,0.34521587359275463,0.8319845517345674,0.286377238174035,TRUE
Eastern Sub-Saharan Africa,YLLs (Years of Life Lost),Diabetes mellitus type 1,Both,ETS,0.5366904454731057,0.36265863494711537,0.8691145149379665,0.3008470531648815,FALSE
Eastern Sub-Saharan Africa,YLLs (Years of Life Lost),Diabetes mellitus type 1,Female,ARIMA,0.4698102169529562,0.26553930756325494,0.9368946242971491,0.2709923579089742,FALSE
Eastern Sub-Saharan Africa,YLLs (Years of Life Lost),Diabetes mellitus type 1,Female,ETS,0.4342931711785781,0.2594373568000143,0.908098173151414,0.2647650989756385,TRUE
Eastern Sub-Saharan Africa,YLLs (Years of Life Lost),Diabetes mellitus type 1,Male,ARIMA,0.6372005198280749,0.44905288159068735,0.8148392263943633,0.31260507746261745,TRUE
Eastern Sub-Saharan Africa,YLLs (Years of Life Lost),Diabetes mellitus type 1,Male,ETS,0.6485194505768221,0.4580537930412751,0.8284527757874119,0.31887100011136654,FALSE
Eastern Sub-Saharan Africa,YLLs (Years of Life Lost),Diabetes mellitus type 2,Both,ARIMA,5.94153921423812,3.450302957488726,0.4171606606313776,1.4250050947176929,TRUE
Eastern Sub-Saharan Africa,YLLs (Years of Life Lost),Diabetes mellitus type 2,Both,ETS,6.675215793100948,4.252825890346505,0.5164732701308596,1.7564540376193558,FALSE
Eastern Sub-Saharan Africa,YLLs (Years of Life Lost),Diabetes mellitus type 2,Female,ARIMA,6.679500746641612,3.865824640926318,0.5935758997945778,1.8590716383778987,TRUE
Eastern Sub-Saharan Africa,YLLs (Years of Life Lost),Diabetes mellitus type 2,Female,ETS,6.949853549533851,4.303780827844615,0.6592859697482404,2.0696843799214055,FALSE
Eastern Sub-Saharan Africa,YLLs (Years of Life Lost),Diabetes mellitus type 2,Male,ARIMA,9.159959350113203,6.178471390056996,0.6174277784222346,1.2789534106368303,TRUE
Eastern Sub-Saharan Africa,YLLs (Years of Life Lost),Diabetes mellitus type 2,Male,ETS,9.747418179674309,6.539348871836242,0.6537132774692258,1.3536556236933415,FALSE
Southern Sub-Saharan Africa,DALYs (Disability-Adjusted Life Years),Diabetes mellitus,Both,ARIMA,77.05006521558778,49.12824986207564,2.515002906150323,1.2693754211677986,TRUE
Southern Sub-Saharan Africa,DALYs (Disability-Adjusted Life Years),Diabetes mellitus,Both,ETS,71.95071933603599,50.39472374180377,2.5695844160872165,1.3020985655702804,FALSE
Southern Sub-Saharan Africa,DALYs (Disability-Adjusted Life Years),Diabetes mellitus,Female,ARIMA,87.18352109477728,56.82830298196617,3.153959317517653,1.5118622092287934,TRUE
Southern Sub-Saharan Africa,DALYs (Disability-Adjusted Life Years),Diabetes mellitus,Female,ETS,82.3873627224611,60.104018208689546,3.2941850640004247,1.5990094545204574,FALSE
Southern Sub-Saharan Africa,DALYs (Disability-Adjusted Life Years),Diabetes mellitus,Male,ARIMA,66.31091135238825,42.382771080617,1.9811766762415972,0.9985360543614225,FALSE
Southern Sub-Saharan Africa,DALYs (Disability-Adjusted Life Years),Diabetes mellitus,Male,ETS,61.18444412361689,41.12212862746351,1.9176135388500375,0.968835378614242,TRUE
Southern Sub-Saharan Africa,DALYs (Disability-Adjusted Life Years),Diabetes mellitus type 1,Both,ARIMA,0.3860417234907364,0.3390690616183242,1.3065111039249273,0.9443238914540956,FALSE
Southern Sub-Saharan Africa,DALYs (Disability-Adjusted Life Years),Diabetes mellitus type 1,Both,ETS,0.3410409906723184,0.271316957691457,1.042791122358941,0.755630974061234,TRUE
Southern Sub-Saharan Africa,DALYs (Disability-Adjusted Life Years),Diabetes mellitus type 1,Female,ARIMA,0.33075483819117585,0.27254973988364833,1.0931884468321285,0.5748317496621579,FALSE
Southern Sub-Saharan Africa,DALYs (Disability-Adjusted Life Years),Diabetes mellitus type 1,Female,ETS,0.30787656123579,0.24913865963734164,0.9931037324243305,0.5254556899924232,TRUE
Southern Sub-Saharan Africa,DALYs (Disability-Adjusted Life Years),Diabetes mellitus type 1,Male,ARIMA,0.41477642958669175,0.360247938847377,1.3258944781763111,1.1802512192185708,FALSE
Southern Sub-Saharan Africa,DALYs (Disability-Adjusted Life Years),Diabetes mellitus type 1,Male,ETS,0.3515220132009095,0.2962494023173098,1.0898920642022656,0.9705779841419447,TRUE
Southern Sub-Saharan Africa,DALYs (Disability-Adjusted Life Years),Diabetes mellitus type 2,Both,ARIMA,76.80053920629676,48.83018114062003,2.532849206220743,1.2622448418690824,TRUE
Southern Sub-Saharan Africa,DALYs (Disability-Adjusted Life Years),Diabetes mellitus type 2,Both,ETS,71.30955703202301,49.426185212707345,2.5530861851451045,1.2776513598903594,FALSE
Southern Sub-Saharan Africa,DALYs (Disability-Adjusted Life Years),Diabetes mellitus type 2,Female,ARIMA,86.93710810337585,56.466617385291784,3.177308103590721,1.5098057290963491,TRUE
Southern Sub-Saharan Africa,DALYs (Disability-Adjusted Life Years),Diabetes mellitus type 2,Female,ETS,82.54992274336034,60.1910603756454,3.3452530630843773,1.6093899724052698,FALSE
Southern Sub-Saharan Africa,DALYs (Disability-Adjusted Life Years),Diabetes mellitus type 2,Male,ARIMA,66.21244580679857,42.4731464369246,2.012592040159281,1.0029223803220366,FALSE
Southern Sub-Saharan Africa,DALYs (Disability-Adjusted Life Years),Diabetes mellitus type 2,Male,ETS,61.121612092198276,40.52215148255804,1.9141048760835646,0.9568533539423824,TRUE
Southern Sub-Saharan Africa,Deaths,Diabetes mellitus,Both,ARIMA,3.5362797542731195,2.1804395111295656,3.600390627183372,1.3466446831653642,TRUE
Southern Sub-Saharan Africa,Deaths,Diabetes mellitus,Both,ETS,3.3099323145045134,2.2195999482723963,3.6445730422257316,1.3708302632741676,FALSE
Southern Sub-Saharan Africa,Deaths,Diabetes mellitus,Female,ARIMA,3.844015434218376,2.4114499063977113,4.226085749805809,1.512056683989932,TRUE
Southern Sub-Saharan Africa,Deaths,Diabetes mellitus,Female,ETS,3.7670088526650853,2.6026814133695195,4.4827818648291995,1.6319649920742307,FALSE
Southern Sub-Saharan Africa,Deaths,Diabetes mellitus,Male,ARIMA,3.1647768407699246,2.1033569826812863,3.2333474557720945,1.221558993322577,FALSE
Southern Sub-Saharan Africa,Deaths,Diabetes mellitus,Male,ETS,3.017349522435374,2.013936378175587,3.090948892481843,1.1696265137094244,TRUE
Southern Sub-Saharan Africa,Deaths,Diabetes mellitus type 1,Both,ARIMA,0.007581707426959009,0.00647420830736912,1.5620595168297415,0.9837951027055488,TRUE
Southern Sub-Saharan Africa,Deaths,Diabetes mellitus type 1,Both,ETS,0.008584713322485695,0.00707091290920684,1.7181478571247712,1.0744679753070736,FALSE
Southern Sub-Saharan Africa,Deaths,Diabetes mellitus type 1,Female,ARIMA,0.005961190101411978,0.004759685174862994,1.24666727991056,0.5841249166882725,TRUE
Southern Sub-Saharan Africa,Deaths,Diabetes mellitus type 1,Female,ETS,0.006989162664829531,0.0058715796600550315,1.5231915064136536,0.720580427855068,FALSE
Southern Sub-Saharan Africa,Deaths,Diabetes mellitus type 1,Male,ARIMA,0.009412781204616904,0.00772876481469637,1.7127474590972451,1.3334408404065854,FALSE
Southern Sub-Saharan Africa,Deaths,Diabetes mellitus type 1,Male,ETS,0.007902965813703592,0.006394901543956243,1.416571128652924,1.1033099199597498,TRUE
Southern Sub-Saharan Africa,Deaths,Diabetes mellitus type 2,Both,ARIMA,3.5281511500643696,2.1747946361067427,3.615133787627461,1.3450017014821642,FALSE
Southern Sub-Saharan Africa,Deaths,Diabetes mellitus type 2,Both,ETS,3.2914240148036416,2.158901575880195,3.5692726971949593,1.3351726386862708,TRUE
Southern Sub-Saharan Africa,Deaths,Diabetes mellitus type 2,Female,ARIMA,3.835827132002368,2.4047474122285606,4.2419505353050875,1.5116953113645106,TRUE
Southern Sub-Saharan Africa,Deaths,Diabetes mellitus type 2,Female,ETS,3.759741194095411,2.5879462918862375,4.488356309096812,1.6268595427583978,FALSE
Southern Sub-Saharan Africa,Deaths,Diabetes mellitus type 2,Male,ARIMA,3.156320971014727,2.0978101582207462,3.2468266919980393,1.220881863938124,FALSE
Southern Sub-Saharan Africa,Deaths,Diabetes mellitus type 2,Male,ETS,3.035256875073755,2.0151578200737346,3.116007479656686,1.172779922844773,TRUE
Southern Sub-Saharan Africa,Incidence,Diabetes mellitus,Both,ARIMA,0.795141594573496,0.539455697639306,0.1528915151689878,0.20542564569540359,TRUE
Southern Sub-Saharan Africa,Incidence,Diabetes mellitus,Both,ETS,0.9924684682448308,0.7292670495580154,0.20692067594567778,0.27770613081929874,FALSE
Southern Sub-Saharan Africa,Incidence,Diabetes mellitus,Female,ARIMA,1.0000143160199142,0.6094555313857917,0.18770275164154296,0.2683648978556083,TRUE
Southern Sub-Saharan Africa,Incidence,Diabetes mellitus,Female,ETS,0.9789981311111245,0.6715755065002595,0.2075185234458113,0.29571852731316806,FALSE
Southern Sub-Saharan Africa,Incidence,Diabetes mellitus,Male,ARIMA,0.7424480429455139,0.5637192313371944,0.1472217887556676,0.18575576664328058,TRUE
Southern Sub-Saharan Africa,Incidence,Diabetes mellitus,Male,ETS,1.0519278147810807,0.776557915139099,0.2016948988042614,0.25588999425724096,FALSE
Southern Sub-Saharan Africa,Incidence,Diabetes mellitus type 1,Both,ARIMA,0.0028953113186922217,0.0019589852249543307,0.30479428673292075,0.42459420823952965,FALSE
Southern Sub-Saharan Africa,Incidence,Diabetes mellitus type 1,Both,ETS,0.0029795760712226444,0.0019418901188478107,0.30200890775970457,0.4208889822124993,TRUE
Southern Sub-Saharan Africa,Incidence,Diabetes mellitus type 1,Female,ARIMA,0.0029374710763727116,0.001970114632846944,0.3072514975353069,0.43006638648898565,FALSE
Southern Sub-Saharan Africa,Incidence,Diabetes mellitus type 1,Female,ETS,0.0023986210322910883,0.0017795095114369463,0.2775091715953662,0.3884582209313115,TRUE
Southern Sub-Saharan Africa,Incidence,Diabetes mellitus type 1,Male,ARIMA,0.0028523286645554015,0.0019404758096175953,0.30120659545331663,0.41705986133347067,FALSE
Southern Sub-Saharan Africa,Incidence,Diabetes mellitus type 1,Male,ETS,0.0024083617905751712,0.0016223313671569718,0.2518553765201099,0.34868215912300615,TRUE
Southern Sub-Saharan Africa,Incidence,Diabetes mellitus type 2,Both,ARIMA,0.7965843759436912,0.5396608182897108,0.15322429973500962,0.20581978026207934,TRUE
Southern Sub-Saharan Africa,Incidence,Diabetes mellitus type 2,Both,ETS,0.9920873102412422,0.7282020213065392,0.20699486447709656,0.2777269998713403,FALSE
Southern Sub-Saharan Africa,Incidence,Diabetes mellitus type 2,Female,ARIMA,1.0020792399827885,0.6099259936304198,0.1882200488931845,0.2690403530865583,TRUE
Southern Sub-Saharan Africa,Incidence,Diabetes mellitus type 2,Female,ETS,0.9818045030989833,0.6722194074928594,0.20812482766425972,0.29651818193061497,FALSE
Southern Sub-Saharan Africa,Incidence,Diabetes mellitus type 2,Male,ARIMA,0.7436014238812209,0.5639989401929537,0.1475333958621326,0.18610037060377413,TRUE
Southern Sub-Saharan Africa,Incidence,Diabetes mellitus type 2,Male,ETS,1.056839049036221,0.78168043667667,0.20331186291744555,0.2579278232499518,FALSE
Southern Sub-Saharan Africa,Prevalence,Diabetes mellitus,Both,ARIMA,13.416924274145522,10.448153671534879,0.16352630712817529,0.2175325553424863,TRUE
Southern Sub-Saharan Africa,Prevalence,Diabetes mellitus,Both,ETS,17.218369918866287,13.208755922194397,0.2057911867795729,0.2750088215565115,FALSE
Southern Sub-Saharan Africa,Prevalence,Diabetes mellitus,Female,ARIMA,13.094613776551212,9.198490890200782,0.1582402228143578,0.2262278394837411,TRUE
Southern Sub-Saharan Africa,Prevalence,Diabetes mellitus,Female,ETS,15.49589670470038,11.711482508702256,0.20109225625811222,0.2880323975661951,FALSE
Southern Sub-Saharan Africa,Prevalence,Diabetes mellitus,Male,ARIMA,14.01423607286714,11.919856719659611,0.1680337347739775,0.20586548393254517,TRUE
Southern Sub-Saharan Africa,Prevalence,Diabetes mellitus,Male,ETS,20.56545437806453,15.19849138695884,0.21187938566653303,0.2624901337329372,FALSE
Southern Sub-Saharan Africa,Prevalence,Diabetes mellitus type 1,Both,ARIMA,0.008333558654488645,0.007444987473104672,0.04566838063101053,0.11949451384580186,TRUE
Southern Sub-Saharan Africa,Prevalence,Diabetes mellitus type 1,Both,ETS,0.00884924593002065,0.007450728289995075,0.045862072345879114,0.11958665585757483,FALSE
Southern Sub-Saharan Africa,Prevalence,Diabetes mellitus type 1,Female,ARIMA,0.008084485879201988,0.007180522428098874,0.04400954364131254,0.11622985723558667,TRUE
Southern Sub-Saharan Africa,Prevalence,Diabetes mellitus type 1,Female,ETS,0.00869257819602857,0.007532406272287006,0.04627376657560318,0.12192573930865813,FALSE
Southern Sub-Saharan Africa,Prevalence,Diabetes mellitus type 1,Male,ARIMA,0.008496491212602954,0.007429410065684837,0.04567852840565541,0.11807828517655851,TRUE
Southern Sub-Saharan Africa,Prevalence,Diabetes mellitus type 1,Male,ETS,0.009122983188022809,0.0076210100195249,0.04699544291071499,0.12112345212646719,FALSE
Southern Sub-Saharan Africa,Prevalence,Diabetes mellitus type 2,Both,ARIMA,13.418902224032367,10.447279620639739,0.1639305254438286,0.21779298676204675,TRUE
Southern Sub-Saharan Africa,Prevalence,Diabetes mellitus type 2,Both,ETS,17.21505594249963,13.168177436636478,0.20566522069980797,0.2745151655050689,FALSE
Southern Sub-Saharan Africa,Prevalence,Diabetes mellitus type 2,Female,ARIMA,12.759866137182355,9.087109475009083,0.1568094465131082,0.2238240158427882,TRUE
Southern Sub-Saharan Africa,Prevalence,Diabetes mellitus type 2,Female,ETS,15.320281196628079,11.635577199794264,0.2004412159619778,0.2865951623746817,FALSE
Southern Sub-Saharan Africa,Prevalence,Diabetes mellitus type 2,Male,ARIMA,14.015255918289562,11.920640248945347,0.16842727989449807,0.20609983141951646,TRUE
Southern Sub-Saharan Africa,Prevalence,Diabetes mellitus type 2,Male,ETS,20.652512346564894,15.554343527639023,0.21769542754347454,0.2689241107809852,FALSE
Southern Sub-Saharan Africa,YLDs (Years Lived with Disability),Diabetes mellitus,Both,ARIMA,1.4381649597739643,1.061424516196415,0.17431672392593348,0.22930311557403227,TRUE
Southern Sub-Saharan Africa,YLDs (Years Lived with Disability),Diabetes mellitus,Both,ETS,1.8209410179328414,1.310525432735433,0.2146409519941429,0.28311722612372103,FALSE
Southern Sub-Saharan Africa,YLDs (Years Lived with Disability),Diabetes mellitus,Female,ARIMA,1.3529327709374661,1.0082002666656955,0.18379348642127696,0.2571813049031908,TRUE
Southern Sub-Saharan Africa,YLDs (Years Lived with Disability),Diabetes mellitus,Female,ETS,1.6645808708544088,1.2282991693805523,0.2225517219991737,0.3133262245977388,FALSE
Southern Sub-Saharan Africa,YLDs (Years Lived with Disability),Diabetes mellitus,Male,ARIMA,1.8054288691981901,1.3499893665100502,0.19695073273732822,0.24021104952132974,TRUE
Southern Sub-Saharan Africa,YLDs (Years Lived with Disability),Diabetes mellitus,Male,ETS,2.146534771819243,1.5274760711071347,0.22262754319964073,0.27179223722917417,FALSE
Southern Sub-Saharan Africa,YLDs (Years Lived with Disability),Diabetes mellitus type 1,Both,ARIMA,0.003705515445617129,0.0031195295826900405,0.23871092110582054,0.7232409742174615,FALSE
Southern Sub-Saharan Africa,YLDs (Years Lived with Disability),Diabetes mellitus type 1,Both,ETS,0.0027796366676616966,0.002481629279757556,0.189930963779316,0.5753482794001017,TRUE
Southern Sub-Saharan Africa,YLDs (Years Lived with Disability),Diabetes mellitus type 1,Female,ARIMA,0.005897226704353762,0.00455971089927642,0.3483298420803964,0.9968068039100565,FALSE
Southern Sub-Saharan Africa,YLDs (Years Lived with Disability),Diabetes mellitus type 1,Female,ETS,0.005154389753845501,0.004259292727344634,0.32572862635603694,0.9311318336290796,TRUE
Southern Sub-Saharan Africa,YLDs (Years Lived with Disability),Diabetes mellitus type 1,Male,ARIMA,0.005623420256189811,0.004535501663529352,0.34357508263261294,0.9960195539504687,FALSE
Southern Sub-Saharan Africa,YLDs (Years Lived with Disability),Diabetes mellitus type 1,Male,ETS,0.00446627269094634,0.003718432931897331,0.2812010689174341,0.8165870470304469,TRUE
Southern Sub-Saharan Africa,YLDs (Years Lived with Disability),Diabetes mellitus type 2,Both,ARIMA,1.4147718013254018,1.0237251849918518,0.16872698624799198,0.22136163171986012,TRUE
Southern Sub-Saharan Africa,YLDs (Years Lived with Disability),Diabetes mellitus type 2,Both,ETS,1.7993355236201867,1.3014274827513885,0.21365528014416074,0.28140961595001734,FALSE
Southern Sub-Saharan Africa,YLDs (Years Lived with Disability),Diabetes mellitus type 2,Female,ARIMA,1.352145196641642,1.0036255020798692,0.18340745836454164,0.2562903032419379,TRUE
Southern Sub-Saharan Africa,YLDs (Years Lived with Disability),Diabetes mellitus type 2,Female,ETS,1.6742167709124345,1.2345344507086793,0.2242090316123247,0.31525624655716195,FALSE
Southern Sub-Saharan Africa,YLDs (Years Lived with Disability),Diabetes mellitus type 2,Male,ARIMA,1.8176910829868698,1.392162465977938,0.20385404303895702,0.24789847429183717,TRUE
Southern Sub-Saharan Africa,YLDs (Years Lived with Disability),Diabetes mellitus type 2,Male,ETS,2.1376459496342504,1.5245666030375262,0.22265506922998562,0.27147530843952594,FALSE
Southern Sub-Saharan Africa,YLLs (Years of Life Lost),Diabetes mellitus,Both,ARIMA,77.07288607503752,47.94370863591004,3.6049907079279646,1.3297544121278908,TRUE
Southern Sub-Saharan Africa,YLLs (Years of Life Lost),Diabetes mellitus,Both,ETS,75.579883842747,52.97311789323047,3.9382747721521136,1.4692488179759493,FALSE
Southern Sub-Saharan Africa,YLLs (Years of Life Lost),Diabetes mellitus,Female,ARIMA,87.54562819052639,57.510487484309735,4.64174409552069,1.5990549154411033,TRUE
Southern Sub-Saharan Africa,YLLs (Years of Life Lost),Diabetes mellitus,Female,ETS,90.13691629712112,63.81916542530738,5.075278826515998,1.7744650521442462,FALSE
Southern Sub-Saharan Africa,YLLs (Years of Life Lost),Diabetes mellitus,Male,ARIMA,67.15550738050051,44.322582593971696,3.06556276128481,1.1392423827088143,FALSE
Southern Sub-Saharan Africa,YLLs (Years of Life Lost),Diabetes mellitus,Male,ETS,64.34272769638523,42.2691095309846,2.9116390917846813,1.086461082337929,TRUE
Southern Sub-Saharan Africa,YLLs (Years of Life Lost),Diabetes mellitus type 1,Both,ARIMA,0.38686903494973884,0.3380659357018728,1.3764886770450278,0.9426408065608471,FALSE
Southern Sub-Saharan Africa,YLLs (Years of Life Lost),Diabetes mellitus type 1,Both,ETS,0.33422819763590395,0.2679601206254339,1.0841762344925197,0.7471623655547783,TRUE
Southern Sub-Saharan Africa,YLLs (Years of Life Lost),Diabetes mellitus type 1,Female,ARIMA,0.33264841971434767,0.27284897003129077,1.157407172174835,0.5763502350099685,FALSE
Southern Sub-Saharan Africa,YLLs (Years of Life Lost),Diabetes mellitus type 1,Female,ETS,0.30575825763815817,0.24052452235773553,1.0162342102068098,0.5080699588884041,TRUE
Southern Sub-Saharan Africa,YLLs (Years of Life Lost),Diabetes mellitus type 1,Male,ARIMA,0.41326646594614463,0.358891043027783,1.3895283218692172,1.1748427945115472,FALSE
Southern Sub-Saharan Africa,YLLs (Years of Life Lost),Diabetes mellitus type 1,Male,ETS,0.3501605522728793,0.2967795123925634,1.1479588759176111,0.9715184551598346,TRUE
Southern Sub-Saharan Africa,YLLs (Years of Life Lost),Diabetes mellitus type 2,Both,ARIMA,76.80250881123273,47.55791486817454,3.6435524646956594,1.3202592518894058,TRUE
Southern Sub-Saharan Africa,YLLs (Years of Life Lost),Diabetes mellitus type 2,Both,ETS,74.14288504865105,50.50998197627043,3.8369564287226203,1.4022118337564924,FALSE
Southern Sub-Saharan Africa,YLLs (Years of Life Lost),Diabetes mellitus type 2,Female,ARIMA,87.29470152750143,57.13888710167609,4.700557203935938,1.59788006530017,FALSE
Southern Sub-Saharan Africa,YLLs (Years of Life Lost),Diabetes mellitus type 2,Female,ETS,82.60339296757036,56.494899999938404,4.586393224880974,1.5798710664488973,TRUE
Southern Sub-Saharan Africa,YLLs (Years of Life Lost),Diabetes mellitus type 2,Male,ARIMA,66.87684636377925,44.10803948491544,3.105349914712099,1.1364395846765953,FALSE
Southern Sub-Saharan Africa,YLLs (Years of Life Lost),Diabetes mellitus type 2,Male,ETS,62.36691994551129,41.81636978105562,2.934252791026607,1.0773949253155495,TRUE
Sub-Saharan Africa,DALYs (Disability-Adjusted Life Years),Diabetes mellitus,Both,ARIMA,14.479485660729726,8.969375692462062,0.696001841554068,1.0143009107492487,FALSE
Sub-Saharan Africa,DALYs (Disability-Adjusted Life Years),Diabetes mellitus,Both,ETS,12.089378915938724,7.686163454174029,0.5963805383474567,0.8691889891832941,TRUE
Sub-Saharan Africa,DALYs (Disability-Adjusted Life Years),Diabetes mellitus,Female,ARIMA,11.774894126281884,7.794587919063541,0.7151524665867929,1.2095652740838705,TRUE
Sub-Saharan Africa,DALYs (Disability-Adjusted Life Years),Diabetes mellitus,Female,ETS,11.05337421369143,7.849238346902439,0.7201633653724426,1.2180459353342346,FALSE
Sub-Saharan Africa,DALYs (Disability-Adjusted Life Years),Diabetes mellitus,Male,ARIMA,16.4308092684142,9.925317625693713,0.6548833317802621,0.8316416027515212,FALSE
Sub-Saharan Africa,DALYs (Disability-Adjusted Life Years),Diabetes mellitus,Male,ETS,14.423692337039773,9.028858524126127,0.5964385185897366,0.7565273633745473,TRUE
Sub-Saharan Africa,DALYs (Disability-Adjusted Life Years),Diabetes mellitus type 1,Both,ARIMA,0.4488311691240682,0.301846926661272,0.8031182912168694,0.3652889901557169,FALSE
Sub-Saharan Africa,DALYs (Disability-Adjusted Life Years),Diabetes mellitus type 1,Both,ETS,0.4324518885674442,0.2826629397861256,0.7511579223293594,0.34207292077149326,TRUE
Sub-Saharan Africa,DALYs (Disability-Adjusted Life Years),Diabetes mellitus type 1,Female,ARIMA,0.3016402254813977,0.20461175717224817,0.7561332846657943,0.32456732827467183,TRUE
Sub-Saharan Africa,DALYs (Disability-Adjusted Life Years),Diabetes mellitus type 1,Female,ETS,0.298936703886558,0.21030975483022277,0.7702961158881995,0.3336058307631055,FALSE
Sub-Saharan Africa,DALYs (Disability-Adjusted Life Years),Diabetes mellitus type 1,Male,ARIMA,0.558632507841617,0.375626532223713,0.779430740714959,0.3657661307378035,FALSE
Sub-Saharan Africa,DALYs (Disability-Adjusted Life Years),Diabetes mellitus type 1,Male,ETS,0.5597373748290525,0.3681673743812331,0.764155427352148,0.35850277985985884,TRUE
Sub-Saharan Africa,DALYs (Disability-Adjusted Life Years),Diabetes mellitus type 2,Both,ARIMA,14.568073315861263,8.97968684879501,0.7177034329388854,0.9451674546897816,FALSE
Sub-Saharan Africa,DALYs (Disability-Adjusted Life Years),Diabetes mellitus type 2,Both,ETS,12.081842831917447,7.59714782458803,0.6070602836773322,0.7996466907118756,TRUE
Sub-Saharan Africa,DALYs (Disability-Adjusted Life Years),Diabetes mellitus type 2,Female,ARIMA,13.303269142222804,8.710670137534361,0.8214377603731245,1.2796041016350859,FALSE
Sub-Saharan Africa,DALYs (Disability-Adjusted Life Years),Diabetes mellitus type 2,Female,ETS,10.89723728801686,7.717884940975983,0.7265392964388356,1.1337631973762219,TRUE
Sub-Saharan Africa,DALYs (Disability-Adjusted Life Years),Diabetes mellitus type 2,Male,ARIMA,16.51665261159962,9.891492208318189,0.6738923736367489,0.7671835919888874,FALSE
Sub-Saharan Africa,DALYs (Disability-Adjusted Life Years),Diabetes mellitus type 2,Male,ETS,13.409212265649485,8.319522640034872,0.566957658701377,0.6452617186765224,TRUE
Sub-Saharan Africa,Deaths,Diabetes mellitus,Both,ARIMA,0.5595709818949156,0.36830039541323,0.9338198341364855,1.0456197314340945,FALSE
Sub-Saharan Africa,Deaths,Diabetes mellitus,Both,ETS,0.5227281958363125,0.34032738912327465,0.864679288516296,0.9662032342253688,TRUE
Sub-Saharan Africa,Deaths,Diabetes mellitus,Female,ARIMA,0.5501979002599272,0.3541374448887783,1.0834600216869859,1.291684113166537,TRUE
Sub-Saharan Africa,Deaths,Diabetes mellitus,Female,ETS,0.5711000481567403,0.3692187747380012,1.1260459896393114,1.3466918917926678,FALSE
Sub-Saharan Africa,Deaths,Diabetes mellitus,Male,ARIMA,0.5841346695813875,0.3815432490005801,0.8069703024758734,0.7958258007316504,FALSE
Sub-Saharan Africa,Deaths,Diabetes mellitus,Male,ETS,0.5439814381021916,0.37123182728540516,0.7852528760105242,0.7743181591611181,TRUE
Sub-Saharan Africa,Deaths,Diabetes mellitus type 1,Both,ARIMA,0.00569757151812432,0.003823247991187197,0.7103438612524062,0.3344450689635018,TRUE
Sub-Saharan Africa,Deaths,Diabetes mellitus type 1,Both,ETS,0.0054886822023083315,0.003837201390383816,0.7103591682007625,0.33566566610167997,FALSE
Sub-Saharan Africa,Deaths,Diabetes mellitus type 1,Female,ARIMA,0.0037039586730887846,0.0027126882396701357,0.6873455376688844,0.2967182447376715,TRUE
Sub-Saharan Africa,Deaths,Diabetes mellitus type 1,Female,ETS,0.0036558925108094026,0.002713019737259295,0.6831583911403536,0.29675450448228635,FALSE
Sub-Saharan Africa,Deaths,Diabetes mellitus type 1,Male,ARIMA,0.0066169647922869656,0.004426475543552209,0.6439891159923372,0.32148178239914144,TRUE
Sub-Saharan Africa,Deaths,Diabetes mellitus type 1,Male,ETS,0.007142336449102448,0.004888737162111636,0.7079103514681168,0.3550544719140912,FALSE
Sub-Saharan Africa,Deaths,Diabetes mellitus type 2,Both,ARIMA,0.5598277666724454,0.3678090926600316,0.9456466965983216,1.0215929731720432,FALSE
Sub-Saharan Africa,Deaths,Diabetes mellitus type 2,Both,ETS,0.5274039384618249,0.35154827117754534,0.9045736385423938,0.9764283992231673,TRUE
Sub-Saharan Africa,Deaths,Diabetes mellitus type 2,Female,ARIMA,0.5512639397522623,0.3542595620979977,1.097162604174395,1.284124992056892,TRUE
Sub-Saharan Africa,Deaths,Diabetes mellitus type 2,Female,ETS,0.5634562924954438,0.35966422118309294,1.111658355431711,1.3037158755424822,FALSE
Sub-Saharan Africa,Deaths,Diabetes mellitus type 2,Male,ARIMA,0.5828415544513883,0.3781804882622999,0.811777900106261,0.7714118784159231,FALSE
Sub-Saharan Africa,Deaths,Diabetes mellitus type 2,Male,ETS,0.5420152817111782,0.36567544104498384,0.7850610510565723,0.74590410563813,TRUE
Sub-Saharan Africa,Incidence,Diabetes mellitus,Both,ARIMA,0.2815483216967075,0.2056831947372862,0.09293879508296608,0.16175841947753192,TRUE
Sub-Saharan Africa,Incidence,Diabetes mellitus,Both,ETS,0.3562505222525254,0.239372813505364,0.10808880079201157,0.18825343523069282,FALSE
Sub-Saharan Africa,Incidence,Diabetes mellitus,Female,ARIMA,0.2343616307071993,0.18241775829796017,0.09157775819450317,0.15446871376486868,TRUE
Sub-Saharan Africa,Incidence,Diabetes mellitus,Female,ETS,0.275741517156689,0.20145769260951557,0.10095612632570743,0.17059145417520535,FALSE
Sub-Saharan Africa,Incidence,Diabetes mellitus,Male,ARIMA,0.2789148128360285,0.20470921948600415,0.0836820844787765,0.14637336344838642,TRUE
Sub-Saharan Africa,Incidence,Diabetes mellitus,Male,ETS,0.43130658894044116,0.2796229397901464,0.11411138331143394,0.19993896853877502,FALSE
Sub-Saharan Africa,Incidence,Diabetes mellitus type 1,Both,ARIMA,0.00180108586926554,0.0012525430530381184,0.1520497684462387,0.1576440134385852,TRUE
Sub-Saharan Africa,Incidence,Diabetes mellitus type 1,Both,ETS,0.00181184850581592,0.001400495473679264,0.17105601105907642,0.17626518045655767,FALSE
Sub-Saharan Africa,Incidence,Diabetes mellitus type 1,Female,ARIMA,0.0017875635938691548,0.0013540601317762555,0.16448512438330848,0.17099383287599126,TRUE
Sub-Saharan Africa,Incidence,Diabetes mellitus type 1,Female,ETS,0.0020615742315405056,0.001656608835199171,0.20158803973137165,0.20920038014511533,FALSE
Sub-Saharan Africa,Incidence,Diabetes mellitus type 1,Male,ARIMA,0.001702906136130382,0.001219988117143125,0.14651278329706796,0.1527865483793121,TRUE
Sub-Saharan Africa,Incidence,Diabetes mellitus type 1,Male,ETS,0.0018253152387293472,0.0014469447613527876,0.1769973532034488,0.1812097123538493,FALSE
Sub-Saharan Africa,Incidence,Diabetes mellitus type 2,Both,ARIMA,0.2824858462166068,0.205801788121336,0.09333325261082694,0.16285224302095438,TRUE
Sub-Saharan Africa,Incidence,Diabetes mellitus type 2,Both,ETS,0.3560923143589308,0.23875986879786945,0.10821179824288629,0.18893217853966138,FALSE
Sub-Saharan Africa,Incidence,Diabetes mellitus type 2,Female,ARIMA,0.2326170084882609,0.18123127516152462,0.09136212309277561,0.15450001631168778,TRUE
Sub-Saharan Africa,Incidence,Diabetes mellitus type 2,Female,ETS,0.2757859757405468,0.20125782071085188,0.1012625624580013,0.17157268553657823,FALSE
Sub-Saharan Africa,Incidence,Diabetes mellitus type 2,Male,ARIMA,0.31580670064968314,0.22759624649812563,0.09314271734806491,0.16365695369771754,TRUE
Sub-Saharan Africa,Incidence,Diabetes mellitus type 2,Male,ETS,0.43064638076981904,0.2793524029748264,0.11439203755359943,0.20087309866673836,FALSE
Sub-Saharan Africa,Prevalence,Diabetes mellitus,Both,ARIMA,3.1658311795766383,2.5049972271239263,0.05843099102872211,0.08190360851362304,TRUE
Sub-Saharan Africa,Prevalence,Diabetes mellitus,Both,ETS,5.111322629881031,3.913799689414669,0.09034030545269037,0.12796593708432882,FALSE
Sub-Saharan Africa,Prevalence,Diabetes mellitus,Female,ARIMA,2.9392618728383506,2.4828359361917567,0.06230446942743603,0.08640707841015852,TRUE
Sub-Saharan Africa,Prevalence,Diabetes mellitus,Female,ETS,4.23372878722231,3.2367728090333143,0.08074814617519413,0.11264541399178866,FALSE
Sub-Saharan Africa,Prevalence,Diabetes mellitus,Male,ARIMA,4.55382940542163,3.4635179294583445,0.07426907601288221,0.10625822193455825,TRUE
Sub-Saharan Africa,Prevalence,Diabetes mellitus,Male,ETS,6.86431891954992,4.763955139273858,0.10151129508906517,0.14615469380705834,FALSE
Sub-Saharan Africa,Prevalence,Diabetes mellitus type 1,Both,ARIMA,0.011536519611190984,0.009815010691589333,0.050882435228066715,0.107111871607065,FALSE
Sub-Saharan Africa,Prevalence,Diabetes mellitus type 1,Both,ETS,0.011585449280406888,0.00954937014162233,0.04991343546557937,0.10421291842445891,TRUE
Sub-Saharan Africa,Prevalence,Diabetes mellitus type 1,Female,ARIMA,0.011999858010537564,0.009960529559536612,0.05159725404444423,0.11119355448777624,TRUE
Sub-Saharan Africa,Prevalence,Diabetes mellitus type 1,Female,ETS,0.011908997128360957,0.009968407253204995,0.05189696268419525,0.11128149647468744,FALSE
Sub-Saharan Africa,Prevalence,Diabetes mellitus type 1,Male,ARIMA,0.010696258864355688,0.009227699104257575,0.04787780036039064,0.098618130585468,TRUE
Sub-Saharan Africa,Prevalence,Diabetes mellitus type 1,Male,ETS,0.011619720739469028,0.009465911076814774,0.04960092129642876,0.10116394608630382,FALSE
Sub-Saharan Africa,Prevalence,Diabetes mellitus type 2,Both,ARIMA,3.1590075195640246,2.4993076056631303,0.058558961125211646,0.08196314577835817,TRUE
Sub-Saharan Africa,Prevalence,Diabetes mellitus type 2,Both,ETS,5.097141793413258,3.9145929360631606,0.09078350061408888,0.12837649545596674,FALSE
Sub-Saharan Africa,Prevalence,Diabetes mellitus type 2,Female,ARIMA,2.9366130598227915,2.484139571464024,0.06263743362207233,0.0867228041012834,TRUE
Sub-Saharan Africa,Prevalence,Diabetes mellitus type 2,Female,ETS,4.2062692224093174,3.2176522675139925,0.08065876104449919,0.11233017277576407,FALSE
Sub-Saharan Africa,Prevalence,Diabetes mellitus type 2,Male,ARIMA,4.548420462231053,3.459294062794709,0.0744857611035022,0.106434173091114,TRUE
Sub-Saharan Africa,Prevalence,Diabetes mellitus type 2,Male,ETS,6.842853270329841,4.733698057904276,0.1013072117856464,0.14564452437704004,FALSE
Sub-Saharan Africa,YLDs (Years Lived with Disability),Diabetes mellitus,Both,ARIMA,0.5665026288937491,0.35862775832058735,0.08952805083034246,0.12683154843537753,TRUE
Sub-Saharan Africa,YLDs (Years Lived with Disability),Diabetes mellitus,Both,ETS,0.7264573913479782,0.5071873401505542,0.1260631867946934,0.17937082171037996,FALSE
Sub-Saharan Africa,YLDs (Years Lived with Disability),Diabetes mellitus,Female,ARIMA,0.5691740705708491,0.361732195790272,0.09825354485701561,0.13752227174825443,TRUE
Sub-Saharan Africa,YLDs (Years Lived with Disability),Diabetes mellitus,Female,ETS,0.6611736226851849,0.43355455829839085,0.11730955887156004,0.16482748419378923,FALSE
Sub-Saharan Africa,YLDs (Years Lived with Disability),Diabetes mellitus,Male,ARIMA,0.6372823248545496,0.42928193585735724,0.09875413480450056,0.140789387489542,TRUE
Sub-Saharan Africa,YLDs (Years Lived with Disability),Diabetes mellitus,Male,ETS,0.8272897295218211,0.579566204277192,0.1320676772666235,0.19007734566529208,FALSE
Sub-Saharan Africa,YLDs (Years Lived with Disability),Diabetes mellitus type 1,Both,ARIMA,0.003000391230653349,0.002483147391420263,0.1581218448562025,0.4046369081294512,FALSE
Sub-Saharan Africa,YLDs (Years Lived with Disability),Diabetes mellitus type 1,Both,ETS,0.0027939135853661695,0.0022900387848431,0.1459753079635209,0.3731692353813275,TRUE
Sub-Saharan Africa,YLDs (Years Lived with Disability),Diabetes mellitus type 1,Female,ARIMA,0.003250343225998133,0.0025000416394898146,0.1607877289424218,0.4163164817524639,FALSE
Sub-Saharan Africa,YLDs (Years Lived with Disability),Diabetes mellitus type 1,Female,ETS,0.003158392710727759,0.0024753325100691794,0.15847231071367604,0.4122018231543518,TRUE
Sub-Saharan Africa,YLDs (Years Lived with Disability),Diabetes mellitus type 1,Male,ARIMA,0.003227880374901222,0.0023480854408056986,0.14898183459691666,0.36400643360873514,FALSE
Sub-Saharan Africa,YLDs (Years Lived with Disability),Diabetes mellitus type 1,Male,ETS,0.0031297573275140917,0.0022356743354591084,0.14173553872887365,0.3465801658741216,TRUE
Sub-Saharan Africa,YLDs (Years Lived with Disability),Diabetes mellitus type 2,Both,ARIMA,0.5593420647523041,0.3481434874567646,0.08729508734676258,0.12339149992816519,TRUE
Sub-Saharan Africa,YLDs (Years Lived with Disability),Diabetes mellitus type 2,Both,ETS,0.7245501593535082,0.505338259578731,0.12611135211437752,0.17910559314498684,FALSE
Sub-Saharan Africa,YLDs (Years Lived with Disability),Diabetes mellitus type 2,Female,ARIMA,0.5702953622648416,0.361256006965717,0.09854920351194835,0.13765139888038636,TRUE
Sub-Saharan Africa,YLDs (Years Lived with Disability),Diabetes mellitus type 2,Female,ETS,0.6598806358353206,0.43256678853750946,0.1175420465744658,0.16482334522685205,FALSE
Sub-Saharan Africa,YLDs (Years Lived with Disability),Diabetes mellitus type 2,Male,ARIMA,0.6360746552318914,0.4291904086540603,0.09910512450558714,0.14105379594333495,TRUE
Sub-Saharan Africa,YLDs (Years Lived with Disability),Diabetes mellitus type 2,Male,ETS,0.8416802342521444,0.5903419910383718,0.13493487965557385,0.19401640172212364,FALSE
Sub-Saharan Africa,YLLs (Years of Life Lost),Diabetes mellitus,Both,ARIMA,14.19883549112571,8.903717379303915,1.0083563635427946,1.3194905094925156,FALSE
Sub-Saharan Africa,YLLs (Years of Life Lost),Diabetes mellitus,Both,ETS,11.865354613764307,7.726767820890132,0.8753557636201179,1.1450719260715978,TRUE
Sub-Saharan Africa,YLLs (Years of Life Lost),Diabetes mellitus,Female,ARIMA,11.471472855426258,8.041908249104297,1.1207292276294838,1.456642511560402,FALSE
Sub-Saharan Africa,YLLs (Years of Life Lost),Diabetes mellitus,Female,ETS,10.536589994473477,6.729810464555756,0.9340601777845585,1.2189803357316116,TRUE
Sub-Saharan Africa,YLLs (Years of Life Lost),Diabetes mellitus,Male,ARIMA,17.192668628144226,10.74126823290234,1.0037207564008168,1.1422209646235246,FALSE
Sub-Saharan Africa,YLLs (Years of Life Lost),Diabetes mellitus,Male,ETS,13.73321927307722,8.355886654723609,0.7787394135125763,0.8885607088562884,TRUE
Sub-Saharan Africa,YLLs (Years of Life Lost),Diabetes mellitus type 1,Both,ARIMA,0.4409772154671566,0.28591945124076357,0.7976444218195237,0.34346313999825495,FALSE
Sub-Saharan Africa,YLLs (Years of Life Lost),Diabetes mellitus type 1,Both,ETS,0.43175639356511364,0.2828244466244293,0.7850823121761601,0.3397452397322107,TRUE
Sub-Saharan Africa,YLLs (Years of Life Lost),Diabetes mellitus type 1,Female,ARIMA,0.28439196713485476,0.19841258951387045,0.7779862286796737,0.31180242426423893,TRUE
Sub-Saharan Africa,YLLs (Years of Life Lost),Diabetes mellitus type 1,Female,ETS,0.2904979530940877,0.20748061550213662,0.8064279567694841,0.3260526918171195,FALSE
Sub-Saharan Africa,YLLs (Years of Life Lost),Diabetes mellitus type 1,Male,ARIMA,0.5573032960675305,0.37493975733696094,0.8050039944117025,0.36284865546052864,FALSE
Sub-Saharan Africa,YLLs (Years of Life Lost),Diabetes mellitus type 1,Male,ETS,0.5598971078003145,0.36775628200733285,0.7900519490654774,0.3558968336974742,TRUE
Sub-Saharan Africa,YLLs (Years of Life Lost),Diabetes mellitus type 2,Both,ARIMA,14.289324346996047,8.926737867935334,1.0540016465243967,1.2240690109645473,FALSE
Sub-Saharan Africa,YLLs (Years of Life Lost),Diabetes mellitus type 2,Both,ETS,12.02070799008907,7.803209115893884,0.9210281381744126,1.0700063792789485,TRUE
Sub-Saharan Africa,YLLs (Years of Life Lost),Diabetes mellitus type 2,Female,ARIMA,11.796494273322478,7.98933935255346,1.1569486234465713,1.4129974859679635,FALSE
Sub-Saharan Africa,YLLs (Years of Life Lost),Diabetes mellitus type 2,Female,ETS,10.819967514887027,7.707012803975043,1.1143236206788967,1.3630651091143233,TRUE
Sub-Saharan Africa,YLLs (Years of Life Lost),Diabetes mellitus type 2,Male,ARIMA,16.00895374040552,10.117734870965897,0.9883534302336082,0.9914271459426054,FALSE
Sub-Saharan Africa,YLLs (Years of Life Lost),Diabetes mellitus type 2,Male,ETS,12.988466663791423,8.142982376325598,0.7923933801565385,0.7979230410542189,TRUE
Western Sub-Saharan Africa,DALYs (Disability-Adjusted Life Years),Diabetes mellitus,Both,ARIMA,11.586290773009882,7.5846573902796495,0.6683873139465701,0.9026551672127624,FALSE
Western Sub-Saharan Africa,DALYs (Disability-Adjusted Life Years),Diabetes mellitus,Both,ETS,10.543526973536473,7.05064724481866,0.6224124797109702,0.8391022613475407,TRUE
Western Sub-Saharan Africa,DALYs (Disability-Adjusted Life Years),Diabetes mellitus,Female,ARIMA,10.076209549575767,5.911842832104381,0.644609457610867,1.4262237932371038,FALSE
Western Sub-Saharan Africa,DALYs (Disability-Adjusted Life Years),Diabetes mellitus,Female,ETS,9.2502718196571,5.324782646789368,0.580071111814035,1.28459634674756,TRUE
Western Sub-Saharan Africa,DALYs (Disability-Adjusted Life Years),Diabetes mellitus,Male,ARIMA,14.30727776700106,9.31005572228927,0.6842816478891324,0.714220729385525,FALSE
Western Sub-Saharan Africa,DALYs (Disability-Adjusted Life Years),Diabetes mellitus,Male,ETS,13.633063556248729,8.573458800658283,0.6311692585127898,0.6577127119983794,TRUE
Western Sub-Saharan Africa,DALYs (Disability-Adjusted Life Years),Diabetes mellitus type 1,Both,ARIMA,0.42945598011698255,0.35765370782073413,1.1039485260907993,0.45613430420722667,TRUE
Western Sub-Saharan Africa,DALYs (Disability-Adjusted Life Years),Diabetes mellitus type 1,Both,ETS,0.48725366165981254,0.3967068810604145,1.2104305570567337,0.5059408394485572,FALSE
Western Sub-Saharan Africa,DALYs (Disability-Adjusted Life Years),Diabetes mellitus type 1,Female,ARIMA,0.3309756086301987,0.27972530984352456,1.1233505761028575,0.5253393229117835,TRUE
Western Sub-Saharan Africa,DALYs (Disability-Adjusted Life Years),Diabetes mellitus type 1,Female,ETS,0.37202657383088156,0.3184814513018016,1.2621722645542952,0.5981254612978802,FALSE
Western Sub-Saharan Africa,DALYs (Disability-Adjusted Life Years),Diabetes mellitus type 1,Male,ARIMA,0.6145005025653261,0.519353899595569,1.2930560101541153,0.4958596749911697,TRUE
Western Sub-Saharan Africa,DALYs (Disability-Adjusted Life Years),Diabetes mellitus type 1,Male,ETS,0.6669126054807711,0.5509105268077895,1.3506313939492036,0.5259887621616989,FALSE
Western Sub-Saharan Africa,DALYs (Disability-Adjusted Life Years),Diabetes mellitus type 2,Both,ARIMA,10.488281680075435,7.0392186416299865,0.6377853102966993,0.7681216044609802,FALSE
Western Sub-Saharan Africa,DALYs (Disability-Adjusted Life Years),Diabetes mellitus type 2,Both,ETS,10.514241150330715,6.960542450757885,0.6322400317296946,0.7595364354184736,TRUE
Western Sub-Saharan Africa,DALYs (Disability-Adjusted Life Years),Diabetes mellitus type 2,Female,ARIMA,8.75339597668194,5.230595347953232,0.5845479791412107,1.158982508975135,FALSE
Western Sub-Saharan Africa,DALYs (Disability-Adjusted Life Years),Diabetes mellitus type 2,Female,ETS,8.700660362549678,5.013850672603966,0.5604297669951865,1.110956754556646,TRUE
Western Sub-Saharan Africa,DALYs (Disability-Adjusted Life Years),Diabetes mellitus type 2,Male,ARIMA,14.257393599785582,9.253118801459813,0.7003232917804545,0.6584540304686882,FALSE
Western Sub-Saharan Africa,DALYs (Disability-Adjusted Life Years),Diabetes mellitus type 2,Male,ETS,13.254077564193965,8.284927787469769,0.6281002277787656,0.5895573385419905,TRUE
Western Sub-Saharan Africa,Deaths,Diabetes mellitus,Both,ARIMA,0.5349891109303991,0.37697008866469084,1.113908573102772,1.2712973446354632,TRUE
Western Sub-Saharan Africa,Deaths,Diabetes mellitus,Both,ETS,0.5367968510246859,0.3977297977811916,1.1736213792654686,1.341307575868125,FALSE
Western Sub-Saharan Africa,Deaths,Diabetes mellitus,Female,ARIMA,0.42384145279427077,0.29348756186212066,1.1151484007428722,2.001772439623994,TRUE
Western Sub-Saharan Africa,Deaths,Diabetes mellitus,Female,ETS,0.47252028079544006,0.29880762142429373,1.13941688730555,2.038058640446771,FALSE
Western Sub-Saharan Africa,Deaths,Diabetes mellitus,Male,ARIMA,0.6361351441636953,0.4382233130348314,1.0440242975878817,0.8945843053322313,TRUE
Western Sub-Saharan Africa,Deaths,Diabetes mellitus,Male,ETS,0.6736404615309428,0.4846220620725988,1.1504856648279191,0.9893022070083946,FALSE
Western Sub-Saharan Africa,Deaths,Diabetes mellitus type 1,Both,ARIMA,0.0059907882985174845,0.0049824632890941006,1.2389963335432896,0.46875785767394784,FALSE
Western Sub-Saharan Africa,Deaths,Diabetes mellitus type 1,Both,ETS,0.006235589570782077,0.0048130144372437395,1.1747514319303514,0.4528158474332407,TRUE
Western Sub-Saharan Africa,Deaths,Diabetes mellitus type 1,Female,ARIMA,0.004451067642594473,0.0036433025208155926,1.1877703204261192,0.4810352284182783,TRUE
Western Sub-Saharan Africa,Deaths,Diabetes mellitus type 1,Female,ETS,0.005082675953923144,0.004220645004755812,1.3691897396454504,0.5572633407013036,FALSE
Western Sub-Saharan Africa,Deaths,Diabetes mellitus type 1,Male,ARIMA,0.007478456295534857,0.006313220349623166,1.2621234801472476,0.45850121026580315,TRUE
Western Sub-Saharan Africa,Deaths,Diabetes mellitus type 1,Male,ETS,0.008691405435509643,0.0072073343999919616,1.4119513721305759,0.5234367505300079,FALSE
Western Sub-Saharan Africa,Deaths,Diabetes mellitus type 2,Both,ARIMA,0.5243030350318852,0.3722260579995399,1.112936556193882,1.2205400976374823,TRUE
Western Sub-Saharan Africa,Deaths,Diabetes mellitus type 2,Both,ETS,0.5412711050831739,0.40129374071025947,1.1977739520645025,1.3158538768084207,FALSE
Western Sub-Saharan Africa,Deaths,Diabetes mellitus type 2,Female,ARIMA,0.4201411879179548,0.2868189359274591,1.1020390049512137,1.9085441742631828,FALSE
Western Sub-Saharan Africa,Deaths,Diabetes mellitus type 2,Female,ETS,0.4316115354071072,0.28505945166035673,1.0990658834031424,1.8968362532473428,TRUE
Western Sub-Saharan Africa,Deaths,Diabetes mellitus type 2,Male,ARIMA,0.6331076715100399,0.4265727909653984,1.0285345811222575,0.8476465939640072,TRUE
Western Sub-Saharan Africa,Deaths,Diabetes mellitus type 2,Male,ETS,0.64974861652995,0.474235332483083,1.1399394281632158,0.9423572549175574,FALSE
Western Sub-Saharan Africa,Incidence,Diabetes mellitus,Both,ARIMA,0.35737657722587274,0.25026923372790355,0.11883837147637301,0.16364751122506135,TRUE
Western Sub-Saharan Africa,Incidence,Diabetes mellitus,Both,ETS,0.448960355997341,0.2806703883521837,0.1329572986788035,0.18352639613042965,FALSE
Western Sub-Saharan Africa,Incidence,Diabetes mellitus,Female,ARIMA,0.23900134509841103,0.16808601578212815,0.08784331364006548,0.1154741975976426,TRUE
Western Sub-Saharan Africa,Incidence,Diabetes mellitus,Female,ETS,0.3224679590468929,0.20824777293329005,0.10882714707462446,0.14306511085453774,FALSE
Western Sub-Saharan Africa,Incidence,Diabetes mellitus,Male,ARIMA,0.517429724957421,0.354217758178738,0.1524837320525997,0.22336700311845203,FALSE
Western Sub-Saharan Africa,Incidence,Diabetes mellitus,Male,ETS,0.578853472116688,0.34458161988568825,0.14885195338859675,0.21729052817484576,TRUE
Western Sub-Saharan Africa,Incidence,Diabetes mellitus type 1,Both,ARIMA,0.0019745758369281784,0.0013495970360427776,0.2728867920762785,0.42609509003819196,FALSE
Western Sub-Saharan Africa,Incidence,Diabetes mellitus type 1,Both,ETS,0.0016024545004075864,0.0010822283983929657,0.21868621069696292,0.3416814015887648,TRUE
Western Sub-Saharan Africa,Incidence,Diabetes mellitus type 1,Female,ARIMA,0.00166054472780231,0.0011056402872459798,0.2292092901992635,0.3630714666507021,TRUE
Western Sub-Saharan Africa,Incidence,Diabetes mellitus type 1,Female,ETS,0.001631759308838168,0.0012003676195819037,0.24893961279247445,0.3941781402043411,FALSE
Western Sub-Saharan Africa,Incidence,Diabetes mellitus type 1,Male,ARIMA,0.0013470816640188525,9.399875527187819e-4,0.18397231300185635,0.2848414649529874,TRUE
Western Sub-Saharan Africa,Incidence,Diabetes mellitus type 1,Male,ETS,0.0016012489830426362,0.001052189265954009,0.2068844348244553,0.3188415964182586,FALSE
Western Sub-Saharan Africa,Incidence,Diabetes mellitus type 2,Both,ARIMA,0.3591042306517353,0.2563485395363704,0.12205811867794232,0.16793326761533592,TRUE
Western Sub-Saharan Africa,Incidence,Diabetes mellitus type 2,Both,ETS,0.4493011678870701,0.2807875784992231,0.13332331639564363,0.1839432190581374,FALSE
Western Sub-Saharan Africa,Incidence,Diabetes mellitus type 2,Female,ARIMA,0.23935025637845844,0.16829042563982383,0.08816236220162232,0.11582677876238207,TRUE
Western Sub-Saharan Africa,Incidence,Diabetes mellitus type 2,Female,ETS,0.3230311275629532,0.20865817449731594,0.1093149038965673,0.14361009619280457,FALSE
Western Sub-Saharan Africa,Incidence,Diabetes mellitus type 2,Male,ARIMA,0.5151408689619987,0.3447526149489456,0.14878635481990865,0.21780766610921937,FALSE
Western Sub-Saharan Africa,Incidence,Diabetes mellitus type 2,Male,ETS,0.5791985422495846,0.34453621701350523,0.1491539737866593,0.21767095031004813,TRUE
Western Sub-Saharan Africa,Prevalence,Diabetes mellitus,Both,ARIMA,5.345650385871991,3.359498262714815,0.07708018659803581,0.0887221380997462,TRUE
Western Sub-Saharan Africa,Prevalence,Diabetes mellitus,Both,ETS,7.020846580004487,4.355909405875655,0.10008475798348078,0.11503670061307904,FALSE
Western Sub-Saharan Africa,Prevalence,Diabetes mellitus,Female,ARIMA,3.2626649996636496,2.4334174111233406,0.06045909266455033,0.06934253862648676,TRUE
Western Sub-Saharan Africa,Prevalence,Diabetes mellitus,Female,ETS,3.686677033475733,2.7236182021670894,0.06748162635179232,0.0776120855897012,FALSE
Western Sub-Saharan Africa,Prevalence,Diabetes mellitus,Male,ARIMA,9.222179922128298,5.207435479373234,0.11033564762728935,0.13173707447508118,TRUE
Western Sub-Saharan Africa,Prevalence,Diabetes mellitus,Male,ETS,10.917211903860602,6.380120268143927,0.13671251977907392,0.16140351277585369,FALSE
Western Sub-Saharan Africa,Prevalence,Diabetes mellitus type 1,Both,ARIMA,0.005711336790481974,0.005072752542489144,0.039837176285878136,0.12014670714120422,TRUE
Western Sub-Saharan Africa,Prevalence,Diabetes mellitus type 1,Both,ETS,0.0060812422061622354,0.005081314841021835,0.04000808183592422,0.12034950275672975,FALSE
Western Sub-Saharan Africa,Prevalence,Diabetes mellitus type 1,Female,ARIMA,0.005613768060168301,0.004961491813181577,0.03981417787643541,0.12143286479291662,FALSE
Western Sub-Saharan Africa,Prevalence,Diabetes mellitus type 1,Female,ETS,0.005817797800921799,0.004827480347674171,0.038889751278797485,0.11815292464902147,TRUE
Western Sub-Saharan Africa,Prevalence,Diabetes mellitus type 1,Male,ARIMA,0.005943396167156183,0.005317409666749066,0.040828398440094706,0.11974653747228665,FALSE
Western Sub-Saharan Africa,Prevalence,Diabetes mellitus type 1,Male,ETS,0.006331118399838407,0.005288077138921865,0.04072154923322185,0.11908597737578308,TRUE
Western Sub-Saharan Africa,Prevalence,Diabetes mellitus type 2,Both,ARIMA,5.343008009502319,3.3581606887579305,0.07727705747300993,0.08878581314236307,TRUE
Western Sub-Saharan Africa,Prevalence,Diabetes mellitus type 2,Both,ETS,7.003338291554876,4.351358856108546,0.10032844046482889,0.11504480283125276,FALSE
Western Sub-Saharan Africa,Prevalence,Diabetes mellitus type 2,Female,ARIMA,3.3169308446287418,2.495873417930134,0.06217423111291914,0.07120518491827602,TRUE
Western Sub-Saharan Africa,Prevalence,Diabetes mellitus type 2,Female,ETS,3.6991372925377606,2.7671642917645936,0.0687642623070838,0.07894488705991888,FALSE
Western Sub-Saharan Africa,Prevalence,Diabetes mellitus type 2,Male,ARIMA,9.201869255355628,5.189805442394525,0.11030534005129575,0.1314387257215576,TRUE
Western Sub-Saharan Africa,Prevalence,Diabetes mellitus type 2,Male,ETS,10.91525628439646,6.377453626945872,0.13704346921919547,0.16151749567076903,FALSE
Western Sub-Saharan Africa,YLDs (Years Lived with Disability),Diabetes mellitus,Both,ARIMA,0.7186530246399888,0.43797363142044193,0.11309299134033804,0.1287443098284901,TRUE
Western Sub-Saharan Africa,YLDs (Years Lived with Disability),Diabetes mellitus,Both,ETS,0.8977144035909302,0.5924540273681697,0.15295189304631301,0.1741545138488087,FALSE
Western Sub-Saharan Africa,YLDs (Years Lived with Disability),Diabetes mellitus,Female,ARIMA,0.6093983792479117,0.4209251956872532,0.11849324529841332,0.13481872196029432,TRUE
Western Sub-Saharan Africa,YLDs (Years Lived with Disability),Diabetes mellitus,Female,ETS,0.6635922597709131,0.4381888398831453,0.12315735896733082,0.14034811880019443,FALSE
Western Sub-Saharan Africa,YLDs (Years Lived with Disability),Diabetes mellitus,Male,ARIMA,0.8580269786193513,0.540359082784134,0.12890863142958267,0.15073059262064048,TRUE
Western Sub-Saharan Africa,YLDs (Years Lived with Disability),Diabetes mellitus,Male,ETS,1.1840862812949131,0.7505993477150271,0.1785155848753614,0.20937611322978245,FALSE
Western Sub-Saharan Africa,YLDs (Years Lived with Disability),Diabetes mellitus type 1,Both,ARIMA,0.0013787422040996325,8.630036342406625e-4,0.08393667363355548,0.2787724754640172,TRUE
Western Sub-Saharan Africa,YLDs (Years Lived with Disability),Diabetes mellitus type 1,Both,ETS,0.0014492834869034533,8.971125692600555e-4,0.08727513524259276,0.2897905429130192,FALSE
Western Sub-Saharan Africa,YLDs (Years Lived with Disability),Diabetes mellitus type 1,Female,ARIMA,0.0011424359976666063,7.298102645169175e-4,0.07341007218450085,0.24480203103295567,FALSE
Western Sub-Saharan Africa,YLDs (Years Lived with Disability),Diabetes mellitus type 1,Female,ETS,0.0011112422961864234,7.097812590187889e-4,0.07137228992396086,0.23808365303267137,TRUE
Western Sub-Saharan Africa,YLDs (Years Lived with Disability),Diabetes mellitus type 1,Male,ARIMA,0.00196418502801278,0.0012963428911390133,0.12305210000440911,0.3899486998002926,TRUE
Western Sub-Saharan Africa,YLDs (Years Lived with Disability),Diabetes mellitus type 1,Male,ETS,0.0020471064661703796,0.0014653268765726893,0.1393161975866221,0.4407802242814704,FALSE
Western Sub-Saharan Africa,YLDs (Years Lived with Disability),Diabetes mellitus type 2,Both,ARIMA,0.7199755032412195,0.44391807308524955,0.1149399502507765,0.13061056106917038,TRUE
Western Sub-Saharan Africa,YLDs (Years Lived with Disability),Diabetes mellitus type 2,Both,ETS,0.8961941288714987,0.5910274071665191,0.15298118954984508,0.17389339596104197,FALSE
Western Sub-Saharan Africa,YLDs (Years Lived with Disability),Diabetes mellitus type 2,Female,ARIMA,0.6321456341961399,0.415377275202846,0.11726849516458657,0.13316892855759782,TRUE
Western Sub-Saharan Africa,YLDs (Years Lived with Disability),Diabetes mellitus type 2,Female,ETS,0.6627894893472562,0.43755290920060325,0.12332350886505972,0.1402783820493052,FALSE
Western Sub-Saharan Africa,YLDs (Years Lived with Disability),Diabetes mellitus type 2,Male,ARIMA,0.8519518210561986,0.5422190539316124,0.12967343604111076,0.15138981007441105,TRUE
Western Sub-Saharan Africa,YLDs (Years Lived with Disability),Diabetes mellitus type 2,Male,ETS,1.1846935122142614,0.752932705201431,0.17953114348812846,0.21022193597356267,FALSE
Western Sub-Saharan Africa,YLLs (Years of Life Lost),Diabetes mellitus,Both,ARIMA,11.217433014195624,7.258223799684557,0.9743822409140518,1.3895222832045806,TRUE
Western Sub-Saharan Africa,YLLs (Years of Life Lost),Diabetes mellitus,Both,ETS,10.518423081022323,7.517189473555032,1.0069198726538304,1.4390989543515564,FALSE
Western Sub-Saharan Africa,YLLs (Years of Life Lost),Diabetes mellitus,Female,ARIMA,10.333970325962461,6.1264030763198,1.1022083655749275,2.8642852386206403,FALSE
Western Sub-Saharan Africa,YLLs (Years of Life Lost),Diabetes mellitus,Female,ETS,9.538133312170192,5.847291154364771,1.0499482668945328,2.7337916768977855,TRUE
Western Sub-Saharan Africa,YLLs (Years of Life Lost),Diabetes mellitus,Male,ARIMA,13.467643705169557,9.03676712744564,0.9579848568732844,0.9397772334800283,TRUE
Western Sub-Saharan Africa,YLLs (Years of Life Lost),Diabetes mellitus,Male,ETS,13.232125381718559,9.201786475992382,0.9759064101016343,0.9569383957254218,FALSE
Western Sub-Saharan Africa,YLLs (Years of Life Lost),Diabetes mellitus type 1,Both,ARIMA,0.4292261926921047,0.3573838126019341,1.1395720121079438,0.45399764583878854,TRUE
Western Sub-Saharan Africa,YLLs (Years of Life Lost),Diabetes mellitus type 1,Both,ETS,0.4971036151950495,0.40417629638731667,1.2729072384171436,0.5134398386086533,FALSE
Western Sub-Saharan Africa,YLLs (Years of Life Lost),Diabetes mellitus type 1,Female,ARIMA,0.3311055666175867,0.27964940062754245,1.170231133882973,0.5222726066596883,TRUE
Western Sub-Saharan Africa,YLLs (Years of Life Lost),Diabetes mellitus type 1,Female,ETS,0.3707147678184703,0.31675474587065683,1.3058580846842047,0.5915704679733248,FALSE
Western Sub-Saharan Africa,YLLs (Years of Life Lost),Diabetes mellitus type 1,Male,ARIMA,0.6139994421794975,0.5191236423757328,1.3276298010551715,0.49407164744412496,TRUE
Western Sub-Saharan Africa,YLLs (Years of Life Lost),Diabetes mellitus type 1,Male,ETS,0.6720754912772418,0.5523310814138065,1.3895270883013184,0.5256765538164424,FALSE
Western Sub-Saharan Africa,YLLs (Years of Life Lost),Diabetes mellitus type 2,Both,ARIMA,10.116349693432277,6.666222955028915,0.9317355192136642,1.133939836551148,TRUE
Western Sub-Saharan Africa,YLLs (Years of Life Lost),Diabetes mellitus type 2,Both,ETS,10.548362834137704,7.345197796294961,1.0259437569025107,1.2494350166136068,FALSE
Western Sub-Saharan Africa,YLLs (Years of Life Lost),Diabetes mellitus type 2,Female,ARIMA,8.564015942619745,5.344265866878191,0.9958731514772223,2.323049287116781,TRUE
Western Sub-Saharan Africa,YLLs (Years of Life Lost),Diabetes mellitus type 2,Female,ETS,9.42171452786048,6.002427309789704,1.1210406720309707,2.6091393711148783,FALSE
Western Sub-Saharan Africa,YLLs (Years of Life Lost),Diabetes mellitus type 2,Male,ARIMA,13.495746144062274,9.011851581718929,0.9956411751474282,0.8493426333100624,FALSE
Western Sub-Saharan Africa,YLLs (Years of Life Lost),Diabetes mellitus type 2,Male,ETS,12.852743856192587,8.44451706720114,0.9355276307349102,0.7958728900326977,TRUE
